id,org,detail_org,law,date,money,depend,event_detail,event_class,status
1,交通部,交通部公路總局第五區養護工程處,國賠法第3條第1項,103.12.19,1905718,最高法院民事判決確定（103年度台上字第2491號）（103年12月8日）,被害人於98年2月24日21時許，駕駛警用偵防車，由東向往西行駛至省道台17線127.6公里處之路肩意欲暫時停車，因該處路燈昏暗不明，致帶車墜落路旁之魚塭落水死亡，請求權人爰請求國家賠償。,交通意外,死亡
2,經濟部,經濟部水利署第七河川局,國賠法第2條第2項,103.12.08,237374,臺灣屏東地方法院民事判決確定（102年國字第3號）(103年8月12日),經濟部水利署第七河川局99年發包「東港溪竹田堤防潮州護岸防災減災工程」施工鏟除已完成徵收補償之第1期徵收範圍之地上物時，於尚未完成徵收補償之607地號之地上物芒果樹100株、木棉樹50株亦一併剷除，請求權人等於第2期徵收補償時，因無地上物可供查估，爰請求國家賠償。,行政疏失,受傷或受有損害
3,國防部,國防部海軍司令部,國賠法第3條第1項,103.12.08,3123674,臺灣高等方法院民事判決確定（102年上國字第26號）（103年9月17日）,請求權人之子於101年1月28日3時許服役期間，欲前往值勤，行經廢油櫃、岸電箱及港勤艇碼頭狹窄處，不慎落水後溺水窒息死亡，爰請求國家賠償。,軍訓事故,死亡
4,交通部,交通部公路總局第二區養護工程處,國賠法第3條第1項,103.11.17,14241860,最高法院民事裁定（103年度台上字第2174號）（103年10月27日）,請求權人於99年6月29日騎機車沿台中市烏日區中山路3段由東往西方向行經高鐵東路口附近，因行人道枕木紋前路面凹洞未設警告標誌，致摔倒車損人傷，爰請求國家賠償。,交通意外,受傷或受有損害
5,國防部,國防部陸軍司令部,國賠法第3條第1項,103.11.06,75000,協議成立（103年10月15日）,請求權人於101年10月23日至桃園縣楊梅市高尚路1段308巷2號送貨時，遭國防部陸軍司令部管領之雙連坡靶場流彈擊傷，爰請求國家賠償。,軍訓事故,受傷或受有損害
6,交通部,交通部公路總局第三區養護工程處,國賠法第3條第1項,103.10.17,7489481,最高法院民事裁定民事判決確定（103年度台上字第1594號）（103年8月18日）,請求權人家屬於98年8月8日莫拉克颱風來襲至高雄縣甲仙鄉（已改制高雄縣市甲仙區）小林村通往那瑪夏區台21線道路阻斷，交通部公路總局第三養護工程處於獻肚山設置臨時便道，致家屬駕駛自小貨車附載乘客墜落邊坡致死或受傷，爰請求國家賠償。,交通意外,死亡
7,國防部,國防部陸軍司令部,國賠法第2條第2項,103.10.02,4992501,協議成立（103年8月12日）,請求權人之子服役於國防部陸軍司令部於102年6月23日奉命偽裝網架設任務，穿越寢室時建物頂樓間隙之採光罩，不慎踩踏無法承重碎裂，進而墜落於建物中廊地面不治死亡，爰請求國家賠償。,軍訓事故,死亡
8,國防部,國防部陸軍司令部,國賠法第2條第2項,103.09.26,3627801,臺灣高等法院高雄分院民事判決確定（102年度上國字第4號）（102年5月1日）,請求權人服役於國防部陸軍司令部航特空訓練中心於99年1月22日執行悍馬車底盤左前傳動軸防塵套金屬環更換作業，因使用尖嘴鉗不慎脫落，造成右眼球破裂，視力無法恢復，爰請求國家賠償。,軍訓事故,受傷或受有損害
9,國防部,國防部,國賠法第3條第1項,103.09.10,240000,協議成立（102年10月1日）,請求權人其所有汽車停放國防部軍備局水源區鄰圍牆，因蘇力颱風來襲，樹木倒塌壓毀向外傾倒壓損其車，爰請求國家賠償。,交通意外,受傷或受有損害
10,經濟部,經濟部水利署第五河川局,國賠法第3條第1項,103.09.04,82765,臺灣嘉義地方法院民事判決確定（103年國簡上字第1號）（103年5月21日）,請求權人行經嘉義縣民雄鄉牛稠溪溪底寮堤防1K＋470水防道路，因道路坑洞而摔倒，爰請求國家賠償。,交通意外,受傷或受有損害
11,法務部,法務部矯正署臺北監獄,國賠法第2條第2項,103.07.31,750000,臺灣高等法院民事判決確定（103年度重上國字第9號）（103年5月6日）,請求權人於服刑期間因右下肢蜂窩性組織炎導致截肢，爰請求國家賠償。,行政疏失,受傷或受有損害
12,司法院,臺灣士林地方法院,國賠法第2條第2項,103.07.03,860000,協議成立（103年6月30日）,因臺灣士林地方法院102年度司執助字第3121號強制執行事件之執行程序有過失，造成請求權人之損害，爰請求國家賠償。,行政疏失,受傷或受有損害
13,國防部,國防部陸軍司令部,國賠法第2條第2項,103.07.03,1904455,臺灣高等法院臺南分院民事判決確定（103年度上國字第1號）（103年5月6日）,請求權人其子服役於國防部陸軍司令部機械化步兵旅於101年6月27日搭乘悍馬車，與陸軍花東防衛指揮部戰車發生擦撞，不治死亡，爰請求國家賠償。,軍訓事故,死亡
14,國防部,國防部陸軍司令部,國賠法第2條第2項,103.07.03,2290430,臺灣高等法院臺南分院民事判決確定（103年度上國字第1號）（103年6月6日）,請求權人其子服役於國防部陸軍司令部機械化步兵旅，於101年6月27日搭乘悍馬車，與陸軍花東防衛指揮部戰車發生擦撞，不治死亡，爰請求國家賠償。,軍訓事故,死亡
15,交通部,交通部臺灣區國道高速公路局北區工程處,國賠法第3條第1項,103.07.02,636776,協議成立（103年6月5日）,請求權人於103年2月9日19時許，駕駛自用小客車，行經國道3號南向28.6公里處，因巨石掉落，致車輛受損，爰請求國家賠償。,交通意外,受傷或受有損害
16,內政部,內政部國土測繪中心,國賠法第2條第2項,103.06.19,134205,協議成立（103年6月12日）,請求權人於99年5月25日及101年3月12日登記買賣取得新竹縣竹北市台元段889地號及890地號2筆土地，因75年度地籍圖重測成果錯誤於102年1月10日辦理面積更正，致依其持分別短少平方公尺，更正後面積減少權益受損，爰請求國家賠償。,行政疏失,受傷或受有損害
17,交通部,交通部臺灣區國道高速公路局北區工程處,國賠法第3條第1項,103.06.12,30600,協議成立（103年5月14日）,請求權人於103年2月9日19時許，駕駛請求權人之車輛，行經國道3號南向28.6公里處，因巨石掉落，致車輛受損，爰請求國家賠償。,交通意外,受傷或受有損害
18,法務部,臺灣嘉義地方法院檢察署,國賠法第2條第2項,103.06.05,52144,臺灣嘉義地方法院民事判決確定（102年度國字第8號）（103年5月12日）,請求權人因戶政機關作業疏失，與毒品案件被告吳嘉○分配之統一編號重複為編號A，嗣後戶政機關將吳佳○統一編號改為編號B，臺灣嘉義地方法院檢察署因作業疏失將發布通緝時，誤將毒品案件之被告吳佳○身分證直接帶回重新配號前編號A，致請求權人遭受警方查緝之名譽及自由同受嚴重之傷害，爰請求國家賠償。,行政疏失,受傷或受有損害
19,交通部,交通部臺灣鐵路管理局,國賠法第3條第1項,103.05.21,3000,協議成立（103年5月7日）,請求權人於102年11月25日騎乘機車，行經楊梅市楊高路水梅橋前方道路，因滂沱大雨邊坡石塊滑落路面，致車損人傷，爰請求國家賠償。,交通意外,受傷或受有損害
20,交通部,交通部臺灣鐵路管理局,國賠法第3條第1項,103.05.12,4439581,臺灣高等法院民事判決確定（101年度重上國字第11號(102年10月29日）,請求權人之夫、父係交通部臺灣鐵路管理局司機員，於97年10月2日駕駛列車至七堵調車場交車時，因洗車線設備不良發生漏電情形，觸電俯趴於洗車平台，送醫急救不治死亡，爰請求國家賠償。,行政疏失,死亡
21,國防部,國防部陸軍司令部,國賠法第3條第2項,103.04.22,98000,協議成立（103年4月8日）,請求權人於102年1月4日騎乘腳踏車上學途中，行經國防部陸軍第二區支援指揮部右側巷道時，遭圍牆上脫離掉落之營區蛇腹型鐵絲網割傷右臉頰，爰請求國家賠償。,軍訓事故,受傷或受有損害
22,教育部,國立臺南大學附屬啟聰學校,國賠法第2條第2項,103.04.22,1473836,臺灣臺南地方法院民事判決確定（102年度國字第3號）（103年3月13日）,請求權人主張就學期間發生3件遭受其他學生性侵及4件性侵他人之行為，爰請求國家賠償。,校園管教不當,受傷或受有損害
23,行政院農委會,行政院農業委員會,國賠法第3條第1項,103.04.01,47835,協議成立（103年2月24日）,請求權人於102年4月13日駕駛大貨車，於南方澳漁港第三泊區南側碼頭，因地基塌陷壓損其車，爰請求國家賠償。,交通意外,受傷或受有損害
24,交通部,交通部臺灣鐵路管理局,國賠法第3條第1項,103.03.04,45371,臺灣臺中地方法院豐原簡易庭小額民事判決確定（102年度豐國小字第1號(102年10月23日）,請求權人於101年5月3日其所有汽車停放臺中市豐原區博愛街與育才街口附近鐵道旁，因樹木倒塌壓損其車，爰請求國家賠償。,交通意外,受傷或受有損害
25,國防部,國防部海軍司令部,國賠法第2條第2項,103.02.12,958586,臺灣高等法院民事判決確定（102年度上國易字第16號(102年11月22日）,請求權人於98年4月23日服役於海軍，因該艦實施靠泊作業發生制止索斷裂意外，導致受傷，爰請求國家賠償。,軍訓事故,受傷或受有損害
26,國防部,國防部陸軍司令部,國賠法第3條第1項,103.01.22,7118,協議成立（102年12月19日）,請求權人於101年10月23日其所有機車遭原聯勤司令部列管之台北市康定路25巷43號眷舍倒塌壓損其車，爰請求國家賠償。,交通意外,受傷或受有損害
27,國防部,國防部陸軍司令部,國賠法第2條第2項,103.01.13,417652,臺灣高雄地方法院民事判決確定（102年度重國字第1號(102年10月21日）,請求權人於99年7月8日參加後備軍人勤務召集，搭乘軍用小貨車發生翻車意外，導致受傷，爰請求國家賠償。,軍訓事故,受傷或受有損害
28,國防部,國防部,國賠法第3條第1項,102.12.23,87825,協議成立（102年11月7日）,請求權人（2人）其所有機車停放國防部軍備局水源區鄰圍牆，因蘇力颱風來襲，樹木倒塌壓毀向外傾倒，壓損其車及請求權人(莊○○)所有祭祀市用金爐2坐壓毀，爰請求國家賠償。,交通意外,受傷或受有損害
29,司法院,最高法院,國賠法第2條第2項,102.12.02,7000,協議成立（102年11月20日）,最高法院依入出國及移民法第6條第1項第1款之規定通知入出國及移民署禁止請求權人出境，但請求權人於執行完畢後，該出國管制仍未解除，造成機票費用等損失，爰請求國家賠償。,行政疏失,受傷或受有損害
30,國防部,國防部陸軍司令部,國賠法第3條第1項,102.11.22,10920,協議成立（102年10月24日）,請求權人其所有自用小客車停放國防部陸軍司令部營區圍牆旁之合法停車處，因蘇力颱風來襲，造成營內樹木倒塌壓損其車，爰請求國家賠償。,交通意外,受傷或受有損害
31,國防部,國防部陸軍司令部,國賠法第2條第2項,102.11.22,1614340,協議成立（102年11月4日）,請求權人於澎防部野戰混合砲兵營第一連服役期間，於澎湖縣五德教練場持圓鍬構築工事、清掃射界，鄰兵江○○圓鍬鐵質部鬆脫飛出擊傷其腳，致造成右腳受傷，爰請求國家賠償。,軍訓事故,受傷或受有損害
32,交通部,交通部公路總局第三區養護工程處,國賠法第3條第1項,102.11.21,372072,臺灣高等法院院高雄分院民事裁定（102年度上國易字第5號）（102年11月6日）,請求權人於101年4月30日，騎乘機車行經高雄市湖內區中山路1段由南往北直行，因道路坑洞摔倒，被後方來車撞倒拖行，致嚴重撕裂擦傷，爰請求國家賠償。,交通意外,受傷或受有損害
33,交通部,交通部公路總局第二區養護工程處,國賠法第3條第1項,102.11.12,231569,臺灣臺中地方法院民事判決確定（102年度國簡上字第2號）（102年10月25日）,請求權人於99年7月25日，騎乘機車行經臺中市烏日區學田路由南往北方向行駛，行經125線14Ｋ＋421處，因路面凹凸不平，致摔倒車損人傷，爰請求國家賠償。,交通意外,受傷或受有損害
34,經濟部,經濟部水利署第七河川局,國賠法第3條第1項,102.10.22,30000,協議成立（102年10月7日）,請求權人於101年7月22日，駕駛汽車行經高雄市大樹區統嶺路3號旁便道，因路口無禁止進入設施且警告標語不清，誤入該道路，不慎跌入坑洞致車損，爰請求國家賠償。,交通意外,受傷或受有損害
35,交通部,交通部公路總局第四區養護工程處,國賠法第3條第1項,102.10.09,128384,臺灣高等法院院民事判決確定(102年度上國易字第4號)(102年7月9日),請求權人華南產物保險股份有限公司之被保險人姚○○於99年5月16日，駕駛重型機車行經台7甲線30K＋800處，因路面積水且有青苔滑倒撞擊，致車損人傷，爰請求國家賠償。,交通意外,受傷或受有損害
36,行政院農委會,行政院農業委員會林業試驗所,國賠法第3條第1項,102.10.07,105500,協議成立（102年9月26日）,因蘇力颱風來襲，造成植物園內樹木傾倒，壓損車輛及民宅，爰請求國家賠償。,交通意外,受傷或受有損害
37,交通部,交通部觀光局東北角暨宜蘭海岸國家風景區管理處,國賠法第3條第1項,102.09.04,3110126,最高法院民事裁定102年度台上字第8號（101年1月16日）,請求權人之子於96年10月20日至宜蘭縣頭城鎮「港澳濱海遊憩區」外之烏石港漁港區衝浪，因當地衝浪海域之警示浮球損害，致渠未能提高注意，造成溺斃，爰請求國家賠償。,交通意外,死亡
38,內政部,內政部警政署,國賠法第2條第2項,102.08.13,310019,臺灣臺北地方法院民事判決確定（102年度簡上字第1號(102年7月4日）,請求權人原任保安警察第一總隊第三大隊第二中隊隊員，因涉詐欺案件停職，向公務人員保障暨培訓委員會提出覆審，准予復職，就名譽權損害，爰請求國家賠償。,行政疏失,受傷或受有損害
39,交通部,交通部公路總局第四區養護工程處,國賠法第3條第1項,102.07.29,665940,臺灣高等法院花蓮分院民事判決確定(102年度上國易字第1號)（102年7月8日）,請求權人於101年6月29日，駕駛汽車行經台8線175K＋100處，遭落石擊中，致車損人受傷，爰請求國家賠償。,天災,受傷或受有損害
40,交通部,交通部公路總局第二區養護工程處,國賠法第3條第1項,102.07.23,6031,協議成立（102年7月15日）,請求權人於101年8月3日，駕車行經臺中市西屯區中彰快速道路南下近環中路、廣福路上匝道處，因路面坑洞，致車輪爆胎受損，爰請求國家賠償。,交通意外,受傷或受有損害
41,交通部,交通部觀光局東部海岸國家風景區管理處,國賠法第3條第1項,102.07.19,58400,協議成立（102年3月27日）,請求權人於101年7月29日，騎乘(載)機車至磯崎海水浴場，因路面有一大坑洞，下坡視角無法看見，致摔倒人傷，爰請求國家賠償。,交通意外,受傷或受有損害
42,交通部,交通部公路總局西部濱海公路北區臨時工程處,國賠法第3條第1項,102.07.18,302645,協議成立（102年6月26日）,請求權人於101年10月31日，騎乘機車行經楊梅市台66線與快速路5段往大溪路段，因該路段車道外側地面遺留砂石，致摔倒車損人傷，爰請求國家賠償。,交通意外,受傷或受有損害
43,交通部,交通部公路總局第二區養護工程處,國賠法第3條第1項,102.06.21,30000,法院和解臺灣臺中地方法院調解程序筆錄（102年5月29日）,請求權人於101年11月9日，騎乘重型機車行經南投縣仁愛鄉仁和路台14甲線32Ｋ處北向外車道，因路面散布瀝青碎石，致摔倒車損人傷，爰請求國家賠償。,交通意外,受傷或受有損害
44,國防部,國防部陸軍司令部,國賠法第2條第2項,102.06.18,7446376,協議成立（102年1月11日）,請求權人之子為陸軍軍官學校學生，於100年8月2日接受基礎特戰訓練發生溺水，致送醫急救不治死亡，爰請求國家賠償。,軍訓事故,死亡
45,國防部,國防部陸軍司令部,國賠法第2條第2項,102.04.30,5892947,協議成立（102年2月7日）,請求權人之子於99年4月27日服役期間，排長基於凌虐之犯意，使其行無義務之行為，自該廠部大樓4樓墜落死亡，爰請求國家賠償。,軍訓事故,死亡
46,交通部,交通部公路總局第一區養護工程處,國賠法第3條第1項,102.04.30,1075000,臺灣高等法院民事判決確定（101年度上國易字第20號(102年4月9日）,請求權人於99年4月17日，騎乘機車行經新北市三重區中山路與疏洪東路口時，遭中山橋橋墩鬆落之混凝土石塊掉落而擊中，致人受傷，爰請求國家賠償。,交通意外,受傷或受有損害
47,行政院海巡署,行政院海岸巡防署海岸巡防總局北部地區巡防局,國賠法第2條第2項,102.04.24,2031227,臺灣高等法院民事判決確定（100年度上國字第24號(102年3月20日）,行政院海岸巡防署海岸巡防總局北部地區巡防局公務車，於97年10月23日因執行公務駕駛未注意車前狀況，撞擊請求權人致其成植物人，爰請求國家賠償。,交通意外,受傷或受有損害
48,科技部,南部科學工業園區管理局,國賠法第3條第1項,102.03.18,1184266,臺灣高等法院臺南分院民事判決確定（101年度上國字第7號(101年7月13日）,請求權人於99年4月1日騎乘機車進入園區，因道路突然縮減為人行道，並未設置路燈或警示燈等，無法辦識路況而撞擊人行道緣石，致車損人傷，爰請求國家賠償。,交通意外,受傷或受有損害
49,國防部,國防部陸軍司令部,國賠法第2條第2項,102.02.18,775999,臺灣高等法院高雄分院民事判決確定（101年度國易字第7號(101年3月26日）,請求權人於99年7月8日參加後備軍人勤務召集，搭乘軍用小貨車發生翻車意外，導致受傷，爰請求國家賠償。,軍訓事故,受傷或受有損害
50,教育部,國立中正大學,國賠法第3條第2項,102.01.14,2500,協議成立（101年12月27日）,請求權人於101年11月29日，發現其停放國立中正大學(管理學院)右側停車場小客車，遭樹枝落下擊中車頂，致車遭損害，爰請求國家賠償。,交通意外,受傷或受有損害
51,法務部,法務部矯正署臺北監獄,國賠法第2條第2項,101.12.21,200000,臺灣桃園地方法院民事判決確定(101年度國字第18號）（101年11月26日）,請求權人在監服刑期間，遭受性侵害事件，涉及管理不當，爰請求國家賠償。,行政疏失,受傷或受有損害
52,交通部,交通部公路總局第二區養護工程處,國賠法第3條第1項,101.12.06,162625,協議成立（101年11月30日）,請求權人於101年6月9日22時許，搭乘友人駕駛小客車至苗栗市台13線聯合大學門口70公尺處下車，因路旁水溝蓋空洞，致摔倒人傷，爰請求國家賠償。,交通意外,受傷或受有損害
53,國防部,國防部海軍司令部,國賠法第2條第2項,101.11.28,2650000,法院和解（101年11月12日）,請求權人之子服役期間，奉命赴屏東縣恆春鎮山海漁港附近海域實施潛水訓練，溺水死亡，爰請求國家賠償。,軍訓事故,死亡
54,國防部,國防部後備司令部,國賠法第2條第2項,101.11.23,8019682,最高法院民事裁定（101年度台上字第1607號）（101年10月19日）,國防部後備司令部所屬單位二兵張○○於99年4月7日駕駛軍用焊馬車執行職務，因疏忽未注意而擦撞劉○○送醫不治，爰請求國家賠償。,軍訓事故,死亡
55,國防部,國防部陸軍司令部,國賠法第2條第2項,101.11.22,931863,臺灣桃園地方法院民事判決確定（100年度國字第5號）（100年6月28日）,請求權人服役期間，負責中柱彈庫彈藥調儲任務時因公負傷，認國防部陸軍司令部所屬公務員於執行職務時，因故意或過失不法侵害其權利所造成，爰請求國家賠償。,軍訓事故,受傷或受有損害
56,交通部,交通部公路總局臺中區監理所,國賠法第2條第1項,101.11.14,1367,臺灣臺中地方法院民事判決（101年度國簡上字第10號）（101年5月25日）,請求權人已繳納罰鍰完畢，交通部公路總局臺中區監理所未即時通知法務部臺中行政執行處仍寄發執行扣款，爰請求國家賠償。,行政疏失,受傷或受有損害
57,內政部,墾丁國家公園管理處,國賠法第3條第1項,101.11.08,4644132,最高法院民事裁定（101年度台上字第577號）(99年8月26日),請求權人於96年10月10日，行走屏東縣恆春鎮射寮橋，因該橋段上之人行步道與車道間之分隔島，為一未舖設路面之缺口，晚間天色昏暗且無路燈，更無障礙物堵住缺口，致人受傷，爰請求國家賠償。,交通意外,受傷或受有損害
58,行政院海巡署,行政院海岸巡防署海岸巡防總局南部地區巡防局,國賠法第2條第2項,101.10.22,2302681,臺灣高雄地方法院民事判決確定（101年度重上國字第1號）(101年8月9日),請求權人於96年8月14日，搭乘該局所屬單位公務車，由黃００駕駛，因精神不濟，失控駛入對向車道撞及電線桿，致人受傷，爰請求國家賠償。,交通意外,受傷或受有損害
59,交通部,交通部公路總局第五區養護工程處,國賠法第3條第1項,101.10.15,405197,臺灣高等法院臺南分院民事判決（101年度上國易字第8號）（101年4月13日）,請求權人於100年4月11日，騎乘機車行經嘉義縣民雄鄉文錦村台1線261公里處南下機車道，因機車輪胎輾壓到修補路面，新舊柏油接合之凹陷而跌倒受傷，爰請求國家賠償。,交通意外,受傷或受有損害
60,教育部,國立臺南大學附屬啟聰學校,國賠法第2條第2項,101.10.15,1300000,協議成立（101年9月28日）,請求權人就校園性侵害事件涉及學校宿舍等管理疏失，爰請求國家賠償。,校園管教不當,受傷或受有損害
61,教育部,國立臺南大學附屬啟聰學校,國賠法第2條第2項,101.10.15,1500000,協議成立（101年1月30日）,請求權人就校園性侵害事件涉及學校宿舍等管理疏失，爰請求國家賠償。,校園管教不當,受傷或受有損害
62,教育部,國立臺南大學附屬啟聰學校,國賠法第2條第2項,101.10.15,1100000,協議成立（101年1月30日）,請求權人就校園性侵害事件涉及學校宿舍等管理疏失，爰請求國家賠償。,校園管教不當,受傷或受有損害
63,交通部,交通部臺灣區國道高速公路局北區工程處,國賠法第3條第1項,101.09.28,130953,協議成立（101年9月17日）,游○○於101年3月3日04時20分許，駕駛請求權人之車輛，行經國道3號75.5公里，因輾過國道小型車速限11公里牌桿，致車輛受損，爰請求國家賠償。,交通意外,受傷或受有損害
64,交通部,交通部臺灣區國道高速公路局北區工程處,國賠法第3條第1項,101.09.26,103717,協議成立（101年8月29日）,請求權人於101年3月3日，駕車行經國道3號75.5公里，因撞擊倒塌之速限牌桿，致人車受損，爰請求國家賠償。,交通意外,受傷或受有損害
65,內政部,墾丁國家公園管理處,國賠法第3條第1項,101.09.21,23915,協議成立（101年8月22日）,請求權人於100年12月25日20時許，騎乘機車行經墾丁國家公園管理處4-1計畫道路11.9K附近，因路面坑洞，致摔車人傷，爰請求國家賠償。,交通意外,受傷或受有損害
66,經濟部,經濟部水利署第七河川局,國賠法第3條第1項,101.08.29,147358,臺灣屏東地方法院民事判決（100年度屏國簡字第2號）（101年8月1日）,請求權人於99年11月26日10時15分許，騎乘機車行經屏東縣鹽埔鄉鹽埔堤防之水防道路，因路面凹陷之破損坑洞，致摔車人傷，爰請求國家賠償。,交通意外,受傷或受有損害
67,交通部,交通部公路總局第二區養護工程處,國賠法第3條第1項,101.07.26,455798,臺灣高等法院臺中分院民事判決（100年度上國易字第1號）（100年10月14日）,請求權人於97年8月6日16時11分許，駕車行經台中市梧棲區港埠路慢車道由南往北行經港南路十字路口處，因交通號誌設置不當，與聯結車撞擊，致車受損，爰請求國家賠償。,交通意外,受傷或受有損害
68,國防部,國防部陸軍司令部,國賠法第2條第2項,101.07.02,21000,協議成立（101年6月1日）,請求權人因自家房屋遭國防部陸軍第八軍團指揮部列管之臺南市永康區「精忠九村」範圍內土地上之榕樹枝幹壓迫，致屋瓦破損，向該部反映恐造成漏水，經該部派員以帆布覆蓋屋頂以防漏水，不慎踩破屋頂，致雨水流入屋內，爰請求國家賠償。,行政疏失,受傷或受有損害
69,交通部,交通部公路總局第一區養護工程處,國賠法第3條第1項,101.06.26,971279,臺灣高等法院民事判決確定（99年度上國字第24號）（99年5月26日）,請求權人於98年10月28日18時20分許，騎乘機車行經忠孝橋三重端約經過5號燈桿處，因道路上有坑洞且無警告標誌，致摔車人傷，爰請求國家賠償。,交通意外,受傷或受有損害
70,財政部,財政部臺中關稅局,國賠法第2條第2項,101.06.25,444243,臺灣高等法院高雄分院民事判決（100年度重上國字第2號）（100年3月3日）,請求權公司向財政部高雄關稅局報運進口泰國製「已拋光成品磁磚」，因財政部高雄關稅局怠於依法定保全聲請強制執行系爭貨物，違法查扣系爭貨物，終遭拍賣，侵害財產權，爰請求國家賠償。,行政疏失,受傷或受有損害
71,司法院,臺灣高等法院,國賠法第3條第1項,101.06.11,497720,協議成立（101年6月1日）,請求權人潘○○、何○○之小客車於101年3月19日停放臺灣高等法院設置於台北市貴陽街之停車場，當日17時16分許，該停車場西北側之老榕樹傾倒，致車遭壓毀，爰請求國家賠償。,交通意外,受傷或受有損害
72,國防部,國防部空軍司令部,國賠法第2條第2項,101.06.05,19704308,最高法院民事裁定（101年度台上字第626號）（100年7月7日）,請求權人於99年6月1日6時35分許，駕駛自小貨車經嘉義市世賢路二段與高鐵大道交岔路口時，與國防部空軍司令部第四五五戰術戰鬥機聯隊基勤大隊車輛中隊軍車發生碰撞，致四肢肢體癱瘓等傷害，爰請求國家賠償。,交通意外,受傷或受有損害
73,交通部,交通部公路總局第二區養護工程處,國賠法第3條第1項,101.05.28,138221,協議成立（100年5月16日）,請求權人於100年7月26日20時11分許，騎乘機車行經台17線斗苑路口往王功方向行駛，因路面高低落差，致摔倒人傷，爰請求國家賠償。,交通意外,受傷或受有損害
74,司法院,臺灣桃園地方法院,國賠法第3條第1項,101.05.17,4500,協議成立（100年3月23日）,請求權人於100年8月23日，駕駛小客車至臺灣桃園地方法院桃園簡易庭洽公，遭入口處之鐵閘門夾住車身動彈不得，致車損，爰請求國家賠償。,行政疏失,受傷或受有損害
75,國防部,國防部陸軍司令部,國賠法第2條第2項,101.04.11,3094701,臺灣桃園地方法院民事判決確定（101年2月15日100年度國字第32號）,請求權人之子於服役期間，98年3月24日起假武漢營區辦理戰技演練集訓，同年月27日實施「近戰格鬥」訓練時，因頭部撞擊地面，送醫不治死亡，爰請求國家賠償。,軍訓事故,死亡
76,經濟部,經濟部水利署第六河川局,國賠法第3條第1項,101.04.09,90623,臺灣高等法院高雄分院民事判決確定（101年2月29日100年上國易字第3號）,請求權人於98年5月9日15時30許騎乘機車行經高雄縣彌陀鄉漯底海堤「0＋150」旁防汛道路時，因閃避對向疾駛而來之砂石車，不料撞上路旁之水泥突出物，致車損人傷，爰請求國家賠償。,交通意外,受傷或受有損害
77,教育部,國立交通大學,國賠法第2條第2項,101.03.03,149243,臺灣新竹地方法院民事簡易判決確定（101年2月3日100年度竹國簡字第2號）,請求由政府負擔其退撫基金自繳部分孳息費用，爰請求國家賠償。,行政疏失,受傷或受有損害
78,交通部,交通部公路總局第四區養護工程處,國賠法第3條第1項,101.02.22,3921034,協議成立（100年12月20日）,請求權人之夫於100年10月8日，駕駛汽車南下，行經台9線148k＋500處，因道路施工管制，林君依施工人員之指示停於施工管制區等候，遭邊坡上方落石擊中，送醫急救宣告不治，爰請求國家賠償。,天災,死亡
79,國防部,國防部陸軍司令部,國賠法第3條第1項,101.02.20,374092,臺灣桃園地方法院民事判決確定（101年1月4日100年度國字第29號）,請求權人於100年1月13日凌晨1時許騎乘機車返家途中，行經國防部陸軍司令部陸軍專科學校圍牆邊時，為該校設置之鐵皮圍籬壓傷，致人車倒地受傷，爰請求國家賠償。,交通意外,受傷或受有損害
80,國防部,國防部陸軍司令部,國賠法第2條第2項,101.02.02,1107546,最高法院民事裁定（100年5月3日100年度台上字第587號）,請求權人之子於服役期間，94年9月7日執行「專精管道訓練前戰車裝載移防」任務，遭同袍駕駛列為停用裝備之戰車，撞及致傷重死亡，爰請求國家賠償。,軍訓事故,死亡
81,國防部,國防部陸軍司令部,國賠法第2條第2項,101.01.31,5327797,臺灣桃園地方法院民事判決確定（100年11月4日(100年度國字第17號）,請求權人之子於服役期間，98年3月24日起假武漢營區辦理戰技演練集訓，同年月27日實施「近戰格鬥」訓練時，因頭部撞擊地面，送醫不治死亡，爰請求國家賠償。,軍訓事故,死亡
82,國防部,國防部陸軍司令部,國賠法第3條第1項,101.01.17,292167,協議成立（100年12月29日）,請求權人（100年6月30日退伍）原係國防部陸軍司令部莒光地區指揮部砲一連一兵，服役期間尚未接受伙房相關工作教育訓練，竟被指派擔任食勤人員，100年2月19日6時於伙房操作噴燃機時，遭回火灼傷，致其臉部、手部受有傷害，爰請求國家賠償。,軍訓事故,受傷或受有損害
83,財政部,財政部基隆關稅局,國賠法第2條第2項,100.12.30,5546876,最高法院民事裁定確定（100年度台上字第2175號）,請求權人（盈冠貿易有限公司）於96年10月17日申報進口（冷凍白蝦）乙批，原申報產地為菲律賓，惟經該局查驗認定系案貨物產地為中國大陸，虛報貨物產地，進口大陸物品，逃避管制等情，併貨物沒入，案經臺北高等行政法院撤銷原處分，所受損害、所失利益及貨櫃延滯費，爰請求國家賠償。,行政疏失,受傷或受有損害
84,交通部,交通部公路總局第二區養護工程處,國賠法第3條第1項,100.12.30,1116600,協議成立,請求權人之弟於98年8月9日4時許，駕車載妻張女3人，行經南投縣台16線10K＋500處，因道路路基崩塌斷毀，人車跌入崩塌處濁水溪底致死，爰請求國家賠償。,交通意外,死亡
85,經濟部,經濟部水利署,國賠法第2條第2項,100.12.23,6983561,最高法院民事裁定（100年度台上字第2069號）,請求權人大鐘印染股份有限公司於90年7月30日桃芝颱風來襲，系爭河道堤防新建工程未完成，河道行水區域內堆置機具、砂石，傾倒廢棄土、物致該河道縮減，嚴重妨害水流，造成淹水受損，爰請求國家賠償。,行政疏失,受傷或受有損害
86,經濟部,經濟部水利署北區水資源局,國賠法第2條第2項,100.12.20,660198,臺灣高等法院民事判決確定（100年度上國易字第16號）,請求權人興興營造有限公司為桃園縣文中路新建第三期第一階段工程94年1月9日中壢工業區淹水事件造成工地淹水，爰請求國家賠償。,工程意外,受傷或受有損害
87,財政部,財政部基隆關稅局,國賠法第2條第2項,100.12.13,144002,臺灣基隆地方法院基隆簡易庭民事判決確定（100年度基國簡字第1號）,請求權人（順成發有限公司）於97年10月13日進口北韓大蒜乙批，原查核認定涉有虛報產地，逃避管制，處以貨價1倍罰鍰併沒入貨物，惟嗣經財政部基隆關稅局重核復查決定書自為撤銷原處分，因系案貨物業經沒入銷毀，爰請求國家賠償。,行政疏失,受傷或受有損害
88,交通部,交通部公路總局第二區養護工程處,國賠法第3條第1項,100.12.09,58804,協議成立,請求權人於99年6月14日23時50分許，騎乘機車行經臺中市烏日區中山路三段近成功火車站路段，因路面坑洞，導致摔倒人傷，爰請求國家賠償。,交通意外,受傷或受有損害
89,交通部,交通部公路總局第一區養護工程處,國賠法第3條第1項,100.11.23,69307,臺灣板橋地方法院民事判決確定（100年度國簡上字第2號）,請求權人與其子於97年8月15日11時40分許，騎乘自行車行經桃園縣龍潭鄉龍源路91號康地預拌混凝你土場前，疑因道路上之坑洞且無警告標誌，導致摔車受傷，爰請求國家賠償。,交通意外,受傷或受有損害
90,法務部,法務部行政執行署高雄行政執行處,國賠法第2條第2項,100.11.21,3210665,最高法院民事裁定（100年度台上字第469號）,請求機關法務部行政執行署高雄行政執行處實施執行案款分配，未列入質權人國立中山大學為受分配人，致其未能受分配案款，侵害其優先受償權，爰請求國家賠償。,行政疏失,受傷或受有損害
91,國防部,國防部聯合後勤司令部,國賠法第2條第2項,100.11.03,625624,協議成立,請求權人之子於98年10月21日21時10分許，騎乘機車撞擊國防部聯合後勤司令部聯勤第二地區支援指揮部花東地區油料分庫為執行任務而停放在花蓮縣壽豐鄉中山路5段7號前路邊之軍用載重車，致生死亡，爰請求國家賠償。,軍訓事故,死亡
92,交通部,交通部公路總局第二區養護工程處,國賠法第3條第1項,100.11.02,1193601,協議成立（法院調解）,請求權人之子於98年8月9日3時許，駕車行經南投縣台16線11K公里附近處，因路路基崩塌斷毀，人車跌入崩塌處濁水溪致死，爰請求國家賠償。,交通意外,死亡
93,交通部,交通部公路總局第一區養護工程處,國賠法第3條第1項,100.11.02,531657,臺灣高等法院民事判決確定（99年度上國易字第15號）,請求權人於98年9月1日18時30分許，騎乘自行車行經新北市新店區北宜路1段39巷口附近，因路面凹陷不平，致失衡身體向前跌倒，臉部著地，多枚牙齒斷裂，手腳擦傷，爰請求國家賠償。,交通意外,受傷或受有損害
94,交通部,交通部公路總局第二區養護工程處,國賠法第3條第1項,100.10.27,5734697,協議成立（法院調解）,請求權人等之夫（父）於98年8月9日3時許，駕車行經南投縣台16線11K公里附近處，因路路基崩塌斷毀，人車跌入崩塌處濁水溪致死，爰請求國家賠償。,交通意外,死亡
95,原住民族委員會,行政院原住民族委員會,國賠法第3條第1項,100.10.21,424598,臺灣高等法院民事判決確定（99年度上國易字第24號）,請求權人係行政院原住民族委員會97年行政助理勞務採購案得標廠商駐會服務之行政助理，於97年1月4日在貴會11樓會議室欲拿取資料時，不慎被折疊椅絆倒，致骨折等傷害，爰請求國家賠償。,行政疏失,受傷或受有損害
96,交通部,交通部公路總局第二區養護工程處,國賠法第3條第1項,100.10.20,5909690,協議成立,請求權人於99年5月3日18時30分許，騎乘機車行經臺中市太平區大興路與大興七街口處，因路面凹陷致摔倒，終身殘障，爰請求國家賠償。,交通意外,受傷或受有損害
97,教育部,國立南投高級中學,國賠法第2條第1項,100.10.18,906666,臺灣高等法院臺中分院民事判決確定（100年度上國易字第4號）,請求權人之女於97年8月6日午休時間借用國立南投高級中學韻律教室排舞，排練後空翻舞步，墜落地面，導致四肢癱瘓，爰請求國家賠償。,校園管教不當,受傷或受有損害
98,國防部,國防部陸軍司令部,國賠法第3條第1項,100.10.07,22600,協議成立,請求權人於99年1月12日，將汽車停放於臺南市北區興北里里民活動中心所租用之停車格內，因遭國防部陸軍第八軍團指揮部所屬管理用地內之樹木倒塌而壓損，爰請求國家賠償。,交通意外,受傷或受有損害
99,交通部,交通部公路總局第二區養護工程處,國賠法第3條第1項,100.10.07,4112151,協議成立（法院調解）,請求權人等之女於98年8月9日3時許，駕車行經南投縣台16線11K公里附近處，因道路路基崩塌斷毀，人車跌入崩塌處濁水溪致死，爰請求國家賠償。,交通意外,死亡
100,交通部,交通部公路總局西部濱海公路北區臨時工程處,國賠法第3條第2項,100.10.04,995645,臺灣高等法院民事判決確定（100年度上國易字第14號）,交通部公路總局西部濱海公路北區臨時工程處辦理之「西濱公路台二線57K+568-58K+343段排水工程」於93年8月4日移交基隆市政府接管養護3年後，基隆市民林○○於96年9月24日晚間與友人於基隆外木山烤肉，後因內急欲小解，而掉入系爭工程落水井，致溺斃死亡，爰請求國家賠償。,行政疏失,死亡
101,交通部,交通部公路總局第五區養護工程處,國賠法第3條第1項,100.10.03,2803399,最高法院民事判決確定（100年度台上字第308號）,請求權人於95年5月29日19時30分許，騎機車行經臺南縣永康市中正南路220巷巷口處（台1線330K-331K），指因電信管線埋設工程，夜間未有照明及警示燈，不慎撞及人孔蓋前突起路面5、6公分之路段，致人車倒地，頭部嚴重受創，爰請求國家賠償。,交通意外,受傷或受有損害
102,交通部,交通部公路總局第二區養護工程處,國賠法第3條第1項,100.10.03,4727870,協議成立（法院調解）,請求權人等之子及將.伊斯○○於98年8月9日3時許，駕車行經南投縣台16線11K公里附近處，因道路路基崩塌斷毀，人車跌入崩塌處濁水溪致死，爰請求國家賠償。,交通意外,死亡
103,交通部,交通部公路總局第三區養護工程處,國賠法第3條第1項,100.08.01,720314,臺灣高等法院高雄分院民事判決確定（99年度上國易字第6號）,請求權人於95年7月18日3時30分許，駕駛大貨車，行經台17線261.5公里處，因台灣電力股份有限公司配合屏東縣林邊鄉公所進行管線遷移，其廠商試挖工程將橫跨外車道開挖後回填不實造成坑洞，造成撞及後受傷，爰請求國家賠償。,交通意外,受傷或受有損害
104,交通部,交通部公路總局第三區養護工程處,國賠法第3條第1項,100.07.21,5375285,協議成立,請求權人之夫、父於98年8月9日零時許，駕駛汽車行經高雄縣林園鄉、屏東縣新園鄉兩地之雙園大橋斷橋掉落橋下造成死亡，爰請求國家賠償。,天災,死亡
105,交通部,交通部公路總局第一區養護工程處,國賠法第3條第1項,100.07.04,173222,協議成立,請求權人於99年9月23日17時24分許，騎機車行經新北市新莊區思源路與幸福路交叉口（第94024號燈桿）處，疑因路面有欠缺造成車損人傷事故，爰請求國家賠償。,交通意外,受傷或受有損害
106,國防部,國防部空軍司令部,國賠法第2條第2項,100.06.29,114158,臺灣臺北地方法院民事判決確定（99年度重國字第25號）,請求權人等5人之夫、父因97年12月9日國防部空軍司令部防空砲兵第952旅同袍執行軍用無動力載重車牽引送修任務，肇生不慎撞擊後死亡，爰請求國家賠償。,軍訓事故,死亡
107,法務部,臺灣士林地方法院檢察署,國賠法第2條第2項,100.06.28,267708,臺灣士林地方法院民事判決確定（99年度國簡上字第2號）,請求權人之女於96年12月27日失蹤，97年2月14日至法務部調查局申請協尋並採驗DNA型別及建檔留供比對無名遺體，臺灣士林地方法院檢察署與法務部法醫研究所均未依臺灣高等法院檢察署各地方法院檢察署及分院檢察署相驗案件處理要點第12條第1款規定辦理，致遭受財產權、身體健康等損害，爰請求國家賠償。,行政疏失,受傷或受有損害
108,國防部,國防部陸軍司令部,國賠法第3條第1項,100.06.24,8244,協議成立,請求權人於98年11月22日8時10分許，騎乘機車，行經臺北市士林區仰德大道一段16號前，因該處人孔蓋邊緣外一公尺內之路面坑洞待修復，致機車打滑而摔車倒地受傷，爰請求國家賠償。,交通意外,受傷或受有損害
109,交通部,交通部公路總局第一區養護工程處,國賠法第3條第1項,100.06.24,17000,協議成立（法院調解）,請求權人於99年5月15日0時40分許，騎乘機車行經台61線南向51.5公里處，因道路坑洞摔倒，致車損人傷，爰請求國家賠償。,交通意外,受傷或受有損害
110,國防部,國防部後備司令部,國賠法第3條第1項,100.06.20,2137532,最高法院民事裁定確定（100年度台上字第593號）,請求權人之子於97年2月28日服役於國防部後備司令部轄屬台中市後備指揮部維管之碉堡失足摔落死亡，爰請求國家賠償。,軍訓事故,死亡
111,內政部,內政部警政署,國賠法第2條第2項,100.06.17,416877,臺灣高等法院民事判決確定（99年度上國字第10號）,桃園縣警察局大溪分局上傳破案新聞至警光網站，致因違反偵查不公開原則，致侵害請求權人其名譽權，爰請求國家賠償。,行政疏失,受傷或受有損害
112,國防部,國防部陸軍司令部,國賠法第3條第1項,100.06.13,66000,協議成立,請求權人於99年6月1日23時許，騎乘機車行經臺北市中正區和平西路與牯嶺街口，因該處人孔蓋邊緣外一公尺寬之矩形範圍路面坑洞修復，復無警告標誌，致機車打滑而摔車倒地受傷，爰請求國家賠償。,交通意外,受傷或受有損害
113,教育部,國立交通大學,國賠法第2條第2項,100.06.13,3358778,"最高法院民事裁定確定（100年度台上字第593號）
",請求權人79年8月起任職國立交通大學專任副教授，81年5月應聘擔任碩士班口試委員，未料校方行政主管逕行擅改口試評分結果，竟遭到黑函誣控，該校之教師評審委員會於82年6月11日在未允施君到會說明事實真相之情況下，作出不予續聘之決議，顯然失當，爰請求國家賠償。,行政疏失,受傷或受有損害
114,內政部,內政部營建署城鄉發展分署,國賠法第2條第2項,100.06.13,584359,臺灣高等法院臺中分院民事判決確定（98年度重上國字第4號）,請求權人（公司）購買土地後無法興建廠房，因新竹縣竹南鎮公所核發土地使用分區證明失查，而損失仲介費及建築師設計費，爰請求國家賠償。,行政疏失,受傷或受有損害
115,國防部,國防部,國賠法第3條第1項,100.06.08,17000,協議成立,請求權人於99年9月19日，將汽車停放於國防部總政治作戰局列管之臺南市北區公園新村眷地鐵皮圍籬附近長德里活動中心旁之停車格內，嗣當日颱風來襲，因風力強勁，將部分鐵皮圍籬吹倒後壓損，爰請求國家賠償。,交通意外,受傷或受有損害
116,經濟部,經濟部水利署第二河川局,國賠法第2條第2項,100.06.03,36590,協議成立（法院調解）,請求權人遭經濟部水利署第二河川局查扣之機具，其部分零件於辦理發還領回時，發現遺失情事，爰請求國家賠償。,行政疏失,受傷或受有損害
117,交通部,交通部公路總局第一區養護工程處,國賠法第3條第1項,100.06.02,297091,臺灣臺北地方法院民事判決確定（99年度國簡上字第6號）,請求權公司（訴外人）龔○○駕駛營業大客車，於97年4月21日6時20分許，行經新北市大漢橋下，因路面於前一日噴灑舖面養護劑打滑，致追撞前方曳引車而肇事，爰請求國家賠償。,交通意外,受傷或受有損害
118,交通部,交通部公路總局第三區養護工程處,國賠法第3條第1項,100.05.25,9826755,協議成立,請求權人等之子於98年8月9日零時許，駕駛汽車行經高雄縣林園鄉、屏東縣新園鄉兩地之雙園大橋斷橋掉落橋下造成死亡，爰請求國家賠償。,天災,死亡
119,交通部,交通部公路總局第三區養護工程處,國賠法第3條第1項,100.05.25,11932028,協議成立,請求權人等之子於98年8月9日零時許，乘座汽車行經高雄縣林園鄉、屏東縣新園鄉兩地之雙園大橋斷橋掉落橋下造成死亡，爰請求國家賠償。,天災,死亡
120,交通部,交通部公路總局第三區養護工程處,國賠法第3條第1項,100.05.25,6029646,協議成立,請求權人等之女（一家四口）於98年8月9日零時許，駕駛汽車行經高雄縣林園鄉、屏東縣新園鄉兩地之雙園大橋斷橋掉落橋下造成死亡，爰請求國家賠償。,天災,死亡
121,交通部,交通部公路總局第二區養護工程處,國賠法第2條第2項,100.05.20,863,臺灣高等法院臺中分院民事判決確定（100年度上易字第69號）,請求權人座落於彰化縣鹿港鎮山崙段754地號土地，因自88年西濱快速公路施工興建水泥箱涵起至99年間侵佔土地受損，爰請求國家賠償。,行政疏失,受傷或受有損害
122,教育部,教育部,國賠法第2條第2項,100.05.18,5062,臺灣臺北地方法院簡易民事判決確定（99年度北國簡字第16號）,請求權人薪餉被教育部軍訓處剋扣，公布在部長民意信箱，讓全體國人閱覽，侵害其人格權，爰請求國家賠償。,行政疏失,受傷或受有損害
123,交通部,交通部公路總局第二區養護工程處,國賠法第3條第1項,100.05.12,4715236,協議成立（法院調解）,請求權人等之夫、女、父於98年8月9日5時許，駕駛及乘座小貨車行經南投縣台16線11K公里附近處，因道路路路基崩塌斷毀，人車跌入崩塌處濁水溪致死，爰請求國家賠償。,交通意外,死亡
124,交通部,交通部公路總局第二區養護工程處,國賠法第3條第1項,100.05.02,4679784,協議成立（法院調解）,請求權人之子於98年8月9日4時許，駕駛營業用貨車行經南投縣台16線11公里處，因道路路基崩塌斷毀，人車跌入崩塌處濁水溪底致死，爰請求國家賠償。,交通意外,死亡
125,交通部,交通部公路總局第三區養護工程處,國賠法第3條第1項,100.05.02,3775963,協議成立,請求權人之女於98年8月9日零時許，駕駛汽車行經高雄縣林園鄉、屏東縣新園鄉兩地之雙園大橋斷橋掉落橋下造成死亡，爰請求國家賠償。,天災,死亡
126,交通部,交通部公路總局第三區養護工程處,國賠法第3條第1項,100.05.02,3958913,協議成立,請求權人之女於98年8月9日零時許，駕駛汽車行經高雄縣林園鄉、屏東縣新園鄉兩地之雙園大橋斷橋掉落橋下造成死亡，爰請求國家賠償。,天災,死亡
127,教育部,國立臺南啟聰學校,國賠法第2條第2項,100.05.02,1389381,臺灣高等法院臺南分院民事判決確定（99年度上國字第1號）,請求權人控訴國立臺南啟聰學校未盡妥適保護校內學生職責，致遭受同校李姓同學強制性侵害得逞而身心受創嚴重，爰請求國家賠償。,校園管教不當,受傷或受有損害
128,交通部,交通部臺灣區國道高速公路局北區工程處,國賠法第3條第1項,100.05.02,41390,協議成立,請求權人之父於100年1月13日5時50分許，駕駛自小客車，行經國道1號南向4.8公里處，因土石崩塌，致車輛不及閃避而遭受損，爰請求國家賠償。,天災,受傷或受有損害
129,交通部,交通部臺灣區國道高速公路局北區工程處,國賠法第3條第1項,100.04.15,10750022,協議成立,請求權人之夫與父葉○○君於99年4月25日14時29分許，駕駛自小客車，行經國道3號3.1公里路段，因該路段發生大量土石崩塌，致遭土石掩埋死亡，爰請求國家賠償。,天災,死亡
130,交通部,交通部臺灣區國道高速公路局北區工程處,國賠法第3條第1項,100.04.15,10431473,協議成立,請求權人之女及母林○○君於99年4月25日14時29分許，駕駛營業小客車，行經國道3號3.1公里路段，因該路段發生大量土石崩塌，致遭土石掩埋死亡，爰請求國家賠償。,天災,死亡
131,交通部,交通部臺灣區國道高速公路局北區工程處,國賠法第3條第1項,100.04.15,9053980,協議成立,請求權人之子於99年4月25日14時29分許，駕駛自小客車，行經國道3號3.1公里路段，因該路段發生大量土石崩塌，致遭土石掩埋死亡，爰請求國家賠償。,天災,死亡
132,交通部,交通部臺灣區國道高速公路局北區工程處,國賠法第3條第1項,100.04.15,8995179,協議成立,請求權人之女於99年4月25日14時29分許，乘坐自小客車，行經國道3號3.1公里路段，因該路段發生大量土石崩塌，致遭土石掩埋死亡，爰請求國家賠償。,天災,死亡
133,交通部,交通部公路總局第三區養護工程處,國賠法第3條第1項,100.04.15,4300971,協議成立,請求權人之子於98年8月9日零時許，騎車行經高雄縣林園鄉、屏東縣新園鄉兩地之雙園大橋，遽逢該橋林園端P1橋墩至P6橋墩遭沖毀，致跌落橋下，人車均遭洪水沖走，迄今未尋獲，爰請求國家賠償。,天災,死亡
134,國防部,國防部陸軍司令部,國賠法第2條第2項,100.04.11,1263652,臺灣高等法院民事判決確定（98年度上國字第23號）,請求權人於95年6月29日服役於國防部陸軍司令部第六軍團第二一砲指部火箭營第2連期間，擔任鐵運勤務工作，受命執行綁繩鬆脫整備作業時，因同袍未與鐵路運送單位聯繫妥採斷電之安全措施，致遭電擊灼傷，爰請求國家賠償。,軍訓事故,受傷或受有損害
135,交通部,交通部臺灣區國道高速公路局北區工程處,國賠法第3條第1項,100.04.01,152200,協議成立,請求權人於100年1月13日5時50分許，與配偶林○○君駕駛自小客車，行經國道1號南向4.8公里處，因土石崩塌，致車輛不及閃避而遭受損，爰請求國家賠償。,交通意外,受傷或受有損害
136,交通部,交通部公路總局第二區養護工程處,國賠法第3條第1項,100.03.25,7121821,協議成立（法院調解）,請求權人等之子（夫、父）於98年8月9日4時許，搭乘劉○○君駕駛之休旅車行經南投縣台16線11K公里附近處，因路路基崩塌斷毀，人車跌入崩塌處濁水溪致死，爰請求國家賠償。,交通意外,死亡
137,交通部,交通部公路總局第一區養護工程處,國賠法第3條第1項,100.03.16,224557,協議成立,請求權人於98年5月29日3時許，騎乘機車，行經台九甲線新烏路新北市烏來區忠治村堰堤85號巨龍山莊前，由新店往烏來方向，因路面坑洞，造成摔車倒地，致車損人傷，爰請求國家賠償。,交通意外,受傷或受有損害
138,交通部,交通部公路總局第二區養護工程處,國賠法第3條第1項,100.03.16,1890,協議成立,請求權人之汽車，於99年6月25日21時許，行經彰化縣彰水路1段處，因路面坑洞，致車輪胎破裂受損，爰請求國家賠償。,交通意外,受傷或受有損害
139,教育部,國立曾文高級農工職業學校,國賠法第2條第2項,100.03.07,7039589,臺灣臺南地方法院民事判決確定（99年度重國字第1號）,（代號）戊、己、丙、乙、壬就讀國立曾文高級農工職業學校，致教師孫進壽（已解聘）性侵害，爰請求國家賠償。,校園管教不當,受傷或受有損害
140,國防部,國防部陸軍司令部,國賠法第3條第1項,100.03.03,210000,協議成立,請求權人於98年8月19日19時許，騎乘機車行經臺北市羅斯福路4段時，因通信部隊所有之圓型人孔蓋外圍與周邊路面產生3-4公分凹陷，國防部陸軍司令部卻未為適當之管理與維護，復無設置警告標示，發生劇烈顛襏簸，而摔倒受傷，爰請求國家賠償。,交通意外,受傷或受有損害
141,國防部,國防部陸軍司令部,國賠法第3條第1項,100.03.03,101620,協議成立,請求權人服役陸軍機步200旅機步一營營部連期間，於98年8月8日颱風期間，營區大門仍未能做好防颱措施，適擔任營區衛哨副哨勤務時，因風勢強大，大門仍瞬間傾倒不及跳脫，右腳遭大門壓傷，爰請求國家賠償。,軍訓事故,受傷或受有損害
142,交通部,交通部公路總局第二區養護工程處,國賠法第3條第1項,100.02.21,1136535,協議成立,原請求權人等3人之母於97年9月15日17時許，因辛樂克颱風來襲，夾帶狂風暴雨，在台21線91K+600處豐丘明隧道旁上邊坡土石大量坍塌，將河床施工便道淹沒覆蓋，致其行車欲通過該便道之際，遭土石活埋當場死亡，爰請求國家賠償。,天災,死亡
143,國防部,國防部海軍司令部,國賠法第2條第2項,100.02.21,3279052,協議成立,請求權人於98年4月14日7時10分許，搭乘張○○重型機車，行經宜蘭縣蘇澳鎮蘇港路蘇澳海事學校前，與國防部海軍司令部蘇澳後勤支援指揮部之軍用大客車發生擦撞事故，致其受有外傷性腦傷併右側偏癱左側輕癱等傷害，爰請求國家賠償。,交通意外,受傷或受有損害
144,法務部,臺灣桃園地方法院檢察署,國賠法第3條第1項,100.02.15,3750,協議成立,請求權人於99年9月19日晚間，將汽車停放於桃園縣桃園市法治路與守法路口處，由臺灣桃園地方法院檢察署及臺灣桃園地方法院共同設置之指示牌旁，嗣當日颱風來襲，該指示牌疑因風力強大致倒落車體壓毀，爰請求國家賠償。,交通意外,受傷或受有損害
145,交通部,交通部公路總局第二區養護工程處,國賠法第3條第1項,100.02.15,2696099,協議成立,請求權人之子於98年8月9日4時許，搭乘劉○○君駕駛之休旅車行經南投縣台16線11公里處，因道路路基崩塌斷毀，人車跌入崩塌處濁水溪底致死，爰請求國家賠償。,交通意外,死亡
146,內政部,內政部警政署國道公路警察局,國賠法第2條第2項,100.02.15,66000,協議成立,請求權人於71年8月5日任職內政部警政署國道公路警察局廚工，未依法申報勞工保險，致使其勞保退休年資短少約半年。,行政疏失,受傷或受有損害
147,交通部,交通部公路總局第二區養護工程處,國賠法第3條第1項,100.02.14,2876064,協議成立,請求權人之子於98年8月9日4時許，駕駛汽車行經南投縣台16線11公里處，因道路路基崩塌斷毀，人車跌入崩塌處濁水溪底致死，爰請求國家賠償。,交通意外,死亡
148,交通部,交通部公路總局第二區養護工程處,國賠法第3條第1項,100.02.08,22680,協議成立,請求權人所有營業遊覽車，於99年8月26日17時30分許，行經南投縣鹿谷鄉131線48.5公里處，突遭路樹倒下擊中致車受損，爰請求國家賠償。,交通意外,受傷或受有損害
149,交通部,交通部臺灣區國道高速公路局北區工程處,國賠法第3條第1項,100.01.21,61239,臺灣桃園地方法院民事判決確定（99年度國簡上字,請求權人於97年9月13日11時5分許，駕駛汽車，行經國道1號南向73.1公里處，因中央分隔帶速限標誌受強烈颱風辛樂克影響導致傾倒並擊中該車輛，以致車輛閃避不及而遭受損，爰請求國家賠償。,交通意外,受傷或受有損害
150,交通部,交通部公路總局第四區養護工程處,國賠法第3條第1項,100.01.20,269046,臺灣高等法院民事判決確定（99年度上國易字第16號）,請求權人於98年6月2日10時30分許，騎乘機車，由宜蘭縣頭城鎮往竹安方向行駛，行經台二線省道竹安橋上140.5公里處，因路面瀝青回填隆起，以致打滑摔倒，左踝骨折及腰椎挫傷等，爰請求國家賠償。,交通意外,受傷或受有損害
151,國防部,國防部陸軍司令部,國賠法第3條第1項,100.01.12,30000,協議成立,請求權人於99年4月15日21時27分許，騎乘機車，行經高雄市楠梓區左楠路與後昌路口以南50公尺處（北上車道），因該處人孔蓋損壞待修復，用以警示而擺設之紐澤西護欄復未設置警告燈號，致撞及紐澤西護欄倒地受傷，爰請求國家賠償。,交通意外,受傷或受有損害
152,國防部,國防部陸軍司令部,國賠法第3條第1項,100.01.12,181466,協議成立,請求權人於99年4月15日21時27分許，騎乘機車，行經高雄市楠梓區左楠路與後昌路口以南50公尺（北上車道），因該處人孔蓋損壞待修復，用以警示而擺設之交通錐復未設置警告燈號，致撞及交通錐倒地受傷，爰請求國家賠償。,交通意外,受傷或受有損害
153,交通部,交通部公路總局第五區養護工程處,國賠法第3條第1項,100.01.12,2794236,最高法院民事裁定確定（99年度台上字第2329號）,請求權人之親屬於96年2月16日2時至4時之間，騎乘機車，行經臺南縣六甲鄉菁埔村省道台1線298.4公里南下車道，因該路段外側慢車道路寬突然減縮，並未設置警告標誌護欄等交通安全工程設施，且夜間路燈照明不足，致該車不慎撞及縮減車道外側路樹，人車倒地送醫不治死亡，爰請求國家賠償。,交通意外,死亡
154,國防部,國防部陸軍司令部,國賠法第2條第2項,100.01.07,300000,協議成立,請求權人服役陸軍第十軍團指揮部五二工兵群工一營工三連期間，於98年8月29日奉命至嘉義梅山鄉太和村，執行莫拉克風災救災勤務，搬移該村某居民之茶葉烤箱時，手指遭拷箱壓傷，經送醫開刀實施右手指遠端部分截肢手術治療，爰請求國家賠償。,軍訓事故,受傷或受有損害
155,法務部,臺灣高雄地方法院檢察署,國賠法第2條第2項,100.01.07,1150000,協議成立,請求權人之電子機台，於95年3月24日遭臺灣高雄地方法院檢察署查扣後，經該署委由高雄市政府警察局轉由清一清公司保管期間，未能適當保管，致遊戲台31台滅失，20台嚴重毀損無法使用，爰請求國家賠償。,行政疏失,受傷或受有損害
156,國防部,國防部陸軍司令部,國賠法第2條第2項,100.01.04,800000,協議成立,請求權人於96年11月20日服役陸軍司令部蘭陽指揮部機步1營機步2連期間，因M113甲車於訓練途中故障，偕同履保士進行現場檢修，因履保士疏忽，在未通知情況下，即逕行發動車輛，導致右手掌及手指捲入皮帶盤，造成中指、無名指開放性骨折併肌腱帶斷裂，小指粉碎性骨折，爰請求國家賠償。,軍訓事故,受傷或受有損害
157,國防部,國防部陸軍司令部,國賠法第2條第2項,100.01.04,89389,協議成立,請求權人以其所有小客車於98年8月16日停放於林務局藤枝國家森林遊樂區內，因國防部陸軍司令部執行空投任務，致車輛遭空投物資砸中，爰請求國家賠償。,交通意外,受傷或受有損害
158,國防部,國防部陸軍司令部,國賠法第2條第2項,100.01.03,4020000,協議成立,請求權人服役東引地區指揮部步二營營部連120迫砲排期間，於98年12月9日9時25分執行「聯信98-2號操演」檢驗射擊，因執行不發彈故障排除時，發生砲彈發射，致雙手爆炸傷併右手手腕截肢等傷害，爰請求國家賠償。,軍訓事故,受傷或受有損害
159,國防部,國防部陸軍司令部,國賠法第2條第2項,100.01.03,2980000,協議成立,請求權人服役東引地區指揮部步二營營部連120迫砲排期間，於98年12月9日9時25分執行「聯信98-2號操演」檢驗射擊，因執行不發彈故障排除時，發生砲彈發射，致雙手爆炸傷併截肢等傷害，爰請求國家賠償。,軍訓事故,受傷或受有損害
160,國防部,國防部陸軍司令部,國賠法第3條第1項,99.09.17,75600,協議成立,請求權人於陸軍第八軍團指揮部服役期間，98年8月7日因莫拉克風災遭部隊管制休假，惟部隊未要求營區內人員將停放車輛集中至空地，或將營區樹木予以固定，致翌（8）日營區內大樹因颱風倒塌，致其車輛受損，爰請求國家賠償。,交通意外,受傷或受有損害
161,財政部,財政部高雄關稅局,國賠法第2條第2項,99.09.14,830000,協議成立,請求權人進口竹材乙批，原申報貨名為茶杆竹片，經查驗結果更正貨名為孟宗竹片，主管機關認屬虛報貨名，而涉及逃避管制，經財政部高雄關稅局為處貨價罰鍰1倍並沒入貨物，嗣經提起行政救濟時，財政部訴願決定書，撤銷原處分。但貨物已依規定執行銷毀在案，無法辦理返還，爰請求國家賠償。,行政疏失,受傷或受有損害
162,行政院海巡署,行政院海岸巡防署海岸巡防總局北部地區巡防局,國賠法第2條第2項,99.09.06,86461,臺灣高等法院民事判決確定（98年度上國易字第25號）,請求權人於95年3月21日15時許，接受綜合逮捕術之訓練時，機關未做好實施訓練課程安全防護措施，亦未教導護身倒法，遽命同袍對請求權人實施綜合逮捕術，出力過大當場受傷，爰請求國家賠償。,軍訓事故,受傷或受有損害
163,交通部,交通部公路總局第二區養護工程處,國賠法第3條第1項,99.08.26,5392394,協議成立,請求權人等4人分別為蔡○○之父母及子女，於97年9月15日17時許，因辛樂克颱風來襲，夾帶狂風暴雨，在台21線91K+600處豐丘明隧道旁上邊坡土石大量坍塌，將河床施工便道淹沒覆蓋，致其行車欲通過該便道之際，遭土石活埋當場死亡，爰請求國家賠償。,天災,死亡
164,交通部,交通部公路總局第二區養護工程處,國賠法第3條第1項,99.08.26,11017331,協議成立,請求權人等5人之父（母、子）金○○、王○○2人於97年9月15日17時許，因辛樂克颱風來襲，夾帶狂風暴雨，在台21線91K+600處豐丘明隧道旁上邊坡土石大量坍塌，將河床施工便道淹沒覆蓋，致其行車欲通過該便道之際，遭土石活埋當場死亡，爰請求國家賠償。,天災,死亡
165,交通部,交通部公路總局第二區養護工程處,國賠法第3條第1項,99.08.19,10951794,協議成立,請求權人王○○等5人之女（母）於97年9月15日17時許，因辛樂克颱風來襲，夾帶狂風暴雨，在台21線91K+600處豐丘明隧道旁上邊坡土石大量坍塌，將河床施工便道淹沒覆蓋，致其行車欲通過該便道之際，遭土石活埋當場死亡，爰請求國家賠償。,天災,死亡
166,交通部,交通部公路總局第二區養護工程處,國賠法第3條第1項,99.08.19,7169315,協議成立,請求權人林○○等5人之夫（父）於97年9月15日17時許，因辛樂克颱風來襲，夾帶狂風暴雨，在台21線91K+600處豐丘明隧道旁上邊坡土石大量坍塌，將河床施工便道淹沒覆蓋，致其行車欲通過該便道之際，遭土石活埋當場死亡，爰請求國家賠償。,天災,死亡
167,交通部,交通部公路總局第二區養護工程處,國賠法第3條第1項,99.08.19,5758463,協議成立,請求權人董○○等3人之父（夫）於97年9月15日17時許，因辛樂克颱風來襲，夾帶狂風暴雨，在台21線91K+600處豐丘明隧道旁上邊坡土石大量坍塌，將河床施工便道淹沒覆蓋，致其行車欲通過該便道之際，遭土石活埋當場死亡，爰請求國家賠償。,天災,死亡
168,交通部,交通部公路總局第二區養護工程處,國賠法第3條第1項,99.08.19,12960295,協議成立,請求權人王○○等6人之女（母）於97年9月15日17時許，因辛樂克颱風來襲，夾帶狂風暴雨，在台21線91K+600處豐丘明隧道旁上邊坡土石大量坍塌，將河床施工便道淹沒覆蓋，致其行車欲通過該便道之際，遭土石活埋當場死亡，爰請求國家賠償。,天災,死亡
169,交通部,交通部公路總局第二區養護工程處,國賠法第3條第1項,99.08.06,321965,臺灣高等法院臺中分院民事判決確定（99年度上國易字第2號）,請求權人於97年5月21日17時40分許，騎機車行經南投縣仁愛鄉南豐村台14線73K+700處，因該路段路肩外側欄柵蓋板失竊未補上，致閃避不及，失控跌倒，致車損人傷，爰請求國家賠償。,交通意外,受傷或受有損害
170,交通部,交通部公路總局第一區養護工程處,國賠法第3條第1項,99.07.28,348251,臺灣高等法院民事判決確定（98年度上國字第16號）,請求權人之子於96年6月19日20時18分許，騎乘機車，行經龍米路一段2號前，因車道上人孔蓋周邊路面破損，凹凸不平之坑洞，致其機車翻倒，向前滑行後倒地不起，送醫不治死亡，爰請求國家賠償。,交通意外,死亡
171,法務部,臺灣桃園地方法院檢察署,國賠法第2條第2項,99.07.28,1800000,最高法院民事判決確定（98年度台再字第65號）（98年度台上字第1358號）,請求權人之有挖土機，因案而為臺灣桃園地方法院檢察署扣押，並交由桃園縣政府警察局代保管，嗣由該分局轉由第三人中華工程股份有限公司保管，惟因保管不當，致該挖土機受有損害，爰請求國家賠償。,行政疏失,受傷或受有損害
172,交通部,交通部公路總局第二區養護工程處,國賠法第3條第1項,99.07.27,779682,協議成立,請求權人於97年9月15日17時許，因辛樂克颱風來襲，夾帶狂風暴雨，在台21線91K＋600處，豐丘明隧道旁上邊坡土石大量坍塌，將河床施工便道淹沒覆蓋，致其行車欲通過該便道之際，遭土石活埋受傷，爰請求國家賠償。,交通意外,受傷或受有損害
173,交通部,交通部臺灣區國道高速公路局北區工程處（國道3號崩塌）,國賠法第3條第1項,99.07.19,79000,協議成立,請求權人於99年4月25日於14時33分許，駕駛汽車，行經國道3號3.1K路段，眼前突然大量土方崩塌，致閃避土石不及，因車輛撞擊右側護欄，導致車輛右前方嚴重受損，爰請求國家賠償。,交通意外,受傷或受有損害
174,交通部,交通部公路總局臺北區監理所,國賠法第2條第2項,99.07.13,15056,臺灣高等法院民事判決確定（99年度上國易字第4號）,請求權人所有自用小客車83-85年汽車燃料使用費之公法請求權自行政程序法於90年1月1日施行後，其殘餘期間長於5年者，適用行政程序法第131條第1項所定5年時效期間之規定，是以汽車燃料使用費請求權已於94年12月31日因罹於時效而消滅，惟仍遭執行，爰請求國家賠償。,行政疏失,受傷或受有損害
175,交通部,交通部公路總局第四區養護工程處,國賠法第3條第1項,99.06.15,206294,"臺灣宜蘭地方法院民事判決確定（98年度國字第2號）
",請求權人於97年10月19日11時50分許，搭乘張○○所駕駛之輕型機車行經台2線167＋67K處，其稱因該路面挖掘後未填補AC，致行經時觸及凸出之人孔蓋絆倒，造成左手、左髖股及軀幹多處擦挫傷等，爰請求國家賠償。,交通意外,受傷或受有損害
176,交通部,交通部公路總局第四區養護工程處,國賠法第3條第1項,99.05.28,166490,"臺灣宜蘭地方法院民事判決確定（98年度國字第3號）
",請求權人於97年8月25日9時50分許，騎乘腳踏車由花蓮往蘇澳方向行駛，於台9線108.5公里處，其稱因該處路面柏油凸起10餘公分，致行經時閃避不及摔車，造成左手鎖骨骨折併身體多處擦傷，頭部受撞擊昏迷及車輛受損等，爰請求國家賠償。,交通意外,受傷或受有損害
177,交通部,交通部公路總局第一區養護工程處,國賠法第3條第1項,99.05.04,2428474,最高法院民事裁定確定（99年度台上字第586號）,被害人於96年11月12日12時30分許，騎乘機車，由桃園市往龜山鄉行駛，行經龜山鄉萬壽路668號旁，疑因路面人孔蓋周圍坑洞凹陷，導致人車跌倒送醫不治死亡，家屬爰請求國家賠償。,交通意外,死亡
178,交通部,交通部公路總局第四區養護工程處,國賠法第3條第1項,99.05.03,21936,協議成立,請求權人於99年1月10日5時許，駕駛汽車，行經台9線159k＋400處，因路面有大石頭，未設警示標誌及反光警示牌，導致車輛不慎撞及，造成車損人傷，爰請求國家賠償。,交通意外,受傷或受有損害
179,交通部,交通部臺灣鐵路管理局,國賠法第3條第1項,99.05.03,90000,協議成立,請求權人行經台北縣汐止市高架鐵路下方時，因路面坑洞未填補，導致跌倒身體多處擦傷及左腳踝骨折，爰請求國家賠償。,交通意外,受傷或受有損害
180,交通部,交通部公路總局第二區養護工程處,國賠法第3條第1項,99.04.16,37199,協議成立,請求權人於98年11月16日22時許，步行行經台中縣霧峰鄉中投東路316號前處，因道路邊溝鐵蓋破損，致摔落水溝人受傷，爰請求國家賠償。,交通意外,受傷或受有損害
181,交通部,交通部公路總局第二區養護工程處,國賠法第3條第1項,99.04.16,1150042,臺灣高等法院臺中分院民事判決確定（97年度上國字第10號）,請求權人等之子於96年2月11日3時53分許，騎機車行經苗栗縣台6線29K+400處，因該路段屬轉彎路段，且未有照明設備，護欄上反光鈕脫落未予維護修繕，致誤導直行不及轉彎，擦撞護欄後跌落溪谷死亡，爰請求國家賠償。,交通意外,死亡
182,行政院海巡署,行政院海岸巡防署海岸巡防總局南部地區巡防局,國賠法第2條第2項,99.03.17,5071943,臺灣高雄地方法院民事判決確定（98年度重國字第7號）,該局士兵王○○於96年6月17日21時25分許，駕駛重型機車，沿台南縣七股鄉西寮村鄉道南25之1線公路由南往北行駛，途經5.7公里三岔路口處時，追撞前方請求權人周○○騎乘之腳踏車，致雙方均人車倒地，周○○因而受有頭部外傷，爰請求國家賠償。,交通意外,受傷或受有損害
183,財政部,財政部,國賠法第2條第2項,99.03.10,210986,臺灣高等法院民事判決確定（98年度上國易字第16號）,請求權人因限制出境，爰請求國家賠償。,行政疏失,受傷或受有損害
184,交通部,交通部臺灣區國道高速公路局北區工程處,國賠法第3條第1項,99.02.23,111270,協議成立,請求權人所屬之車輛於98年8月20日下午16時許行經國道3號南下1.5公里處，因隧道內燈具垂掛，造成車輛損害，爰請求國家賠償。,交通意外,受傷或受有損害
185,國防部,國防部海軍司令部,國賠法第2條第2項,99.02.11,2498213,臺灣臺北地方法院民事判決確定（98年度重國字第1號）,請求權人原係海軍陸戰隊66旅戰車營戰三連服役，於95年11月7日下午奉長官之指示，與其餘4名士兵共同將脫軌之大門鐵門搬回定位時，因未留意鐵門重量及重心，僅指派原告等共5名士兵執行復軌任務，因站立於鐵門外側下坡處，無法承受大門鐵門重量，致遭翻覆之鐵門壓傷，爰請求國家賠償。,軍訓事故,受傷或受有損害
186,國防部,國防部陸軍司令部,國賠法第2條第2項,99.02.11,2500000,協議成立,請求權人於陸軍澎湖防衛指揮部服役期間，97年3月4日上午實施五○機槍射擊訓練時，因槍枝卡彈膛炸，致請求權人手部受有永久性傷害，爰請求國家賠償。,軍訓事故,受傷或受有損害
187,法務部,誠正中學,國賠法第2條第2項,99.02.11,2574902,臺灣新竹地方法院民事判決確定（98年度重國字第1號）,請求權人之子執行感化教育，於96年6月22日體育課後中暑身亡，請求權人以誠正中學未能適時防止憾事發生為由，爰請求國家賠償。,行政疏失,死亡
188,國防部,國防部海軍司令部,國賠法第2條第2項,99.02.01,2277158,協議成立,請求權人之子原係海軍陸戰隊烏坵守備大隊支援中隊義務役一兵，於98年6月12日16時5分許，同袍在保養溝執行傾斜之2.5噸叉重車（堆高機）扶正作業，邀被害人協助指揮，未依相關作業安全規定及注意事項施予防護措施，造成叉重車翻覆輾壓，致其因頭胸部多重鈍力傷害死亡，爰請求國家賠償。,軍訓事故,死亡
189,交通部,交通部觀光局大鵬灣國家風景區管理處,國賠法第3條第1項,98.12.22,254671,臺灣屏東地方法院民事判決確定（97年度國字第2號）,請求權人於95年11月16日下午1時30分許，騎乘機車，行經屏東縣琉球鄉中山路途中發生事故，致遭路旁擋土牆上利如尖刀之金屬突出物刺傷，受有右側脛骨與腓骨開放性骨折併嚴重軟組織受損等傷害，經送醫急救，接受右膝下截肢手術及住院治療，爰請求國家賠償。,交通意外,受傷或受有損害
190,交通部,交通部公路總局第四區養護工程處,國賠法第3條第1項,98.12.15,2238871,最高法院民事裁定確定（98年度台上字第1997號）,請求權人之配偶李呂○○於95年7月28日上午10時35分許，騎乘機車行經台9線278.3k處（舞鶴段），因該路段之路面鼓起，雲霧彌漫、視線不明，路面水泥塊形成小山坵，致人車摔落受傷，送醫不治，爰請求國家賠償。,交通意外,死亡
191,交通部,交通部臺灣區國道高速公路局北區工程處,國賠法第3條第1項,98.12.15,250030,協議成立,請求權人等所有之車輛於98年5月2日上午8時許行經國道3號北上8.4公里處，因隧道內燈具垂掛，造成車輛損害，爰請求國家賠償。,交通意外,受傷或受有損害
192,交通部,交通部公路總局第一區養護工程處,國賠法第3條第1項,98.12.08,82564,協議成立,請求權人於97年10月20日下午3時許，騎乘機車行經板橋市民權路與縣民大道時，疑因路面損壞高低不平，致摔車跌倒受傷，爰請求國家賠償。,交通意外,受傷或受有損害
193,國防部,國防部聯合後勤司令部,國賠法第2條第2項,98.11.27,1138278,臺灣高等法院民事判決確定（98年度上國字第11號）,請求權人服役期間於陸軍湖口北測中心靶場實施布靶任務，同袍拾獲未爆彈乙枚，隨即拋出爆炸，造成腹部穿刺合併肝臟損傷等，爰請求國家賠償。,軍訓事故,受傷或受有損害
194,交通部,交通部公路總局第二區養護工程處,國賠法第3條第1項,98.11.18,3124061,協議成立,請求權人之女於97年9月14日晚間6時49分許，搭乘男友沈○○駕駛自小客車行經臺中縣后豐大橋北上，因辛樂克颱風豪雨，大甲溪水位暴漲，致該橋P2橋墩墩基不堪洪流沖刷斷裂，S2及S3橋面版坍落大甲溪，因閃避不及，連車帶人墜落遭洪水沖走死亡，爰請求國家賠償。,天災,死亡
195,國防部,國防部陸軍司令部,國賠法第2條第2項,98.10.19,4900000,協議成立,請求權人於97年2月2日服役陸軍步兵學校期間擔任值星班長，奉命執行校慶看板文宣撤收勤務，因人力不足，文宣看板從上坡固定處滑落致請求權人遭壓傷，而受有骨盆斷裂、橫隔膜疝氣及肋骨裂傷，爰請求國家賠償。,軍訓事故,受傷或受有損害
196,財政部,財政部高雄關稅局,國賠法第2條第2項,98.10.13,1000000,協議成立,請求權人進口冷凍雪蟹乙批，原申報產地為韓國，經查驗結果更正來貨產地為俄羅斯，財政部高雄關稅局認定本案貨物屬管制物品又虛報產地涉及逃避管制，處貨價罰鍰1倍並沒收貨物，嗣經請求權人提起行政救濟時，財政部訴願決定書，撤銷原處分，但貨物已依規定執行銷毀在案，無法辦理返還，爰請求國家賠償。,行政疏失,受傷或受有損害
197,考選部,考選部,國賠法第3條第1項,98.10.05,9000,協議成立,請求權人因考選部國家考場地下二樓停車場發生停車意外，系爭停車位之高度確有不足，爰請求國家賠償，經協議結果同意和解。,行政疏失,受傷或受有損害
198,交通部,交通部公路總局第一區養護工程處,國賠法第3條第1項,98.09.25,2845536,最高法院民事判決確定（98年度台上字第1588號）,請求權人等因曾○○君於94年6月13日下午4時49分許，駕機車由北向南行駛，經臺北縣新莊市新樹路12之1號前，因路面水溝蓋不平整，水溝蓋低於路面形成凹洞，至機車彈起，摔落路面，遭鍾○○駕駛之曳引車輾過致死，爰請求國家賠償。,交通意外,死亡
199,交通部,交通部公路總局第四區養護工程處,國賠法第3條第1項,98.09.15,162642,協議成立,請求權人於97年10月19日11時50分許，騎機車搭載林○○，途經台2線167K+670處，其稱因該處施工後道路未平整，致行經時閃避不及遭凸出之人孔蓋絆倒，造成全身多處挫傷、撕脫傷及擦傷，爰請求國家賠償。,交通意外,受傷或受有損害
200,交通部,交通部公路總局第二區養護工程處,國賠法第3條第1項,98.09.01,913735,臺灣高等法院臺中分院民事判決確定（97年度上國字第2號）,請求權人等之子，於95年3月4日零時13分許，騎機車沿臺中縣太平市中埔公路往南投方向行駛，行經中埔10號橋處，因護欄高度不符至少80公分之規定，致擦撞護欄後跌落溪谷人亡，爰請求國家賠償。,交通意外,死亡
201,國防部,國防部陸軍司令部,國賠法第2條第2項,98.09.01,16968983,臺灣桃園地方法院民事判決確定（97年度國字第28號）,請求權人係中華電信臺灣南區分公司員工，於96年3月7日駕駛工程車，至金防部所屬前584旅戰車營實施線路故障查修作業時，因584旅士兵所駕悍馬車，於倒車時未注意而撞及該工程車，致徐民受有頸椎第六、七節半脫位、椎間盤突出合併神經壓迫等傷害，現仍雙下肢癱瘓；中華電信南區分公司則以徐民受傷，無法受領徐民應提出勞務給付，均認國防部陸軍司令部公務員違法失職，爰請求國家賠償。,交通意外,受傷或受有損害
202,交通部,交通部民用航空局,國賠法第3條第1項,98.08.27,662466,臺灣高等法院民事判決確定（97年度上國字第17號）,請求權人94年7月19日駕駛復興航空GE028班機滑行於臺北松山機場，因誤判新設置之車輛勤務道路為滑行道，造成右機翼前緣碰撞停機坪照明燈柱，事件經媒體報導後名譽受有損失，爰請求國家賠償。,行政疏失,受傷或受有損害
203,交通部,交通部公路總局第二區養護工程處,國賠法第3條第1項,98.08.18,918225,臺灣高等法院臺中分院民事判決確定（98年度上國字第6號）,請求權人所有遊覽車由僱用之司機駕駛滿載乘客42人，於96年10月31日下午6時20分許，由宜蘭縣往台中縣武陵方向行駛，途經台7甲線49k+400處，因該處呈90度直角之急彎道，且車道縮減，彎道前並無設置右彎標誌及安全方向導引標誌，致傾倒翻覆車損人傷，爰請求國家賠償。,交通意外,受傷或受有損害
204,國防部,國防部後備司令部,國賠法第2條第2項,98.07.30,237552,臺灣屏東地方法院民事判決確定（97年度簡上字第20號、98年度屏簡聲字第6號）,後備陸戰旅所屬200多名士兵於95年7月17日營內吃完早餐後，陸續出現集體腹痛、水痢等症狀，先後送至屏東龍泉醫院就醫治療，請求權人所負擔之醫療給付，主張為集體食品中毒事件，爰代位請求國家賠償。,軍訓事故,受傷或受有損害
205,經濟部,經濟部工業局,國賠法第3條第1項,98.07.27,110000,協議成立,請求權人97年10月8日上午7時44分許於臺中工業區工業37路17號前，因路面破損，導致發生交通事故受傷，爰請求國家賠償。,交通意外,受傷或受有損害
206,交通部,交通部臺灣鐵路管理局,國賠法第3條第1項,98.07.17,50000,協議成立,請求權人轎車停放於交通部臺灣鐵路管理局管用宿舍外庭老樹傾倒壓毀，爰請求國家賠償。,交通意外,受傷或受有損害
207,財政部,財政部高雄市國稅局,國賠法第2條第2項,98.07.06,1889010,最高法院民事判決確定（98年度台上字第444號）,請求權人優惠儲蓄存款之利息損害，爰請求國家賠,行政疏失,受傷或受有損害
208,國防部,國防部陸軍司令部,國賠法第2條第2項,98.06.25,4327240,臺灣高等法院民事判決確定（97年度上國字第17號）,請求權人以服役國防部陸軍司令部195旅混砲營砲2連期間，於94年5月5日奉命執行移動火砲任務時，該連軍、士官幹部均未在場督導，任由資深士兵帶隊並發號施令，致其左腿遭火砲鋤廚板夾傷，造成「左側脛、腓股開放性骨折」之傷害，爰請求國家賠償。,軍訓事故,受傷或受有損害
209,交通部,交通部公路總局第二區養護工程處,國賠法第3條第1項,98.06.16,944558,臺灣高等法院台中分院民事判決確定（97年度上國字第1號）,請求權人等之父於94年8月8日上午8時35分許，騎機車行經台中縣東勢鎮東關路台8線11ｋ＋100處，因路面坑洞致摔倒人傷，爰請求國家賠償。,交通意外,受傷或受有損害
210,交通部,交通部公路總局第二區養護工程處,國賠法第3條第1項,98.06.16,6529393,最高法院民事判決確定（98年度台上字第857號）,請求權人詹○○君之子（夫、父）詹○○於95年6月9日下午6時許，駕車行經苗栗縣卓蘭鎮台3線蘭勢大橋149ｋ＋635處，因突遇橋面凹陷撞及橋面連接處，致人死亡，爰請求國家賠償。,交通意外,死亡
211,交通部,交通部公路總局第四區養護工程處,國賠法第3條第1項,98.06.11,82810,協議成立,請求權人於97年7月9日晚上11時05分許，騎乘機車行經宜蘭市中山路1段661號前，因路面不平，致機車滑倒於地，經送醫診斷為右外腳踝骨折韌帶併分離及多處擦傷，爰請求國家賠償。,交通意外,受傷或受有損害
212,國防部,國防部陸軍司令部,國賠法第3條第1項,98.06.11,25797,協議成立,請求權人於97年5月4日駕駛重型機車搭載女友彭○○行經台北市愛國西路與博愛路時，因通信部隊負責維護之人孔蓋周邊路面凹陷，致人車倒地受傷（彭女傷重不治死亡），爰請求國家賠償。,交通意外,受傷或受有損害
213,國防部,國防部陸軍司令部,國賠法第3條第1項,98.06.11,1200000,協議成立,請求權人之女彭○○於97年5月4日搭承楊○○所駕駛之重型機車行經台北市愛國西路與博愛路時，因通信部隊負責維護之人孔蓋周邊路面凹陷，致人車倒地，彭○○因而傷重不治死亡，爰請求國家賠償。,交通意外,死亡
214,交通部,交通部公路總局第二區養護工程處,國賠法第3條第1項,98.06.10,11862,協議成立,請求權人溫○○因公事駕車載同事一行4人下南部洽商，於98年1月15日12時30分許，行經台76線18K＋300東，因橋梁伸縮縫鐵片鬆脫突出路面，致車經過時受損，爰請求國家賠償。,交通意外,受傷或受有損害
215,交通部,交通部基隆港務局臺北港分局,國賠法第3條第1項,98.06.06,100000,協議成立,請求權人家屬于○○受威爾森通運公司請託，於97年12月25日至臺北港東3碼頭辦理巴拿馬籍「史都林投」化油輪船相關業務，由於台北港東4碼頭當時並無船舶靠舶，天候惡劣，夜間碼頭燈光昏暗，並無任何安全設施或警示標誌，行經該碼頭時，易將海面當成陸地，人車落海，溺斃死亡，爰請求國家賠償。,交通意外,死亡
216,國防部,國防部陸軍司令部,國賠法第2條第2項,98.06.01,1833138,協議成立,請求權人之子97年6月27日服役砲兵訓練指揮部暨飛彈砲兵學校期間，因該校賴○○士官長指示蔡員至該校兵器大樓3樓屋頂天台清除積水，不慎踩碎屋頂壓克力採光罩跌落地面死亡，爰請求國家賠償。,軍訓事故,死亡
217,行政院海巡署,行政院海岸巡防署海岸巡防總局北部地區巡防局,國賠法第3條第1項,98.05.21,14000,協議成立,請求權人所有漁船駕駛座前擋強化玻璃，於民國98年3月13日16時50分時，因海岸巡防總局北部地區巡防局岸巡第二總隊外木山安檢所頂樓之鐵塔斷裂倒塌而震裂損壞，爰請求國家賠償。,交通意外,受傷或受有損害
218,行政院海巡署,行政院海岸巡防署海岸巡防總局北部地區巡防局,國賠法第3條第1項,98.05.21,83000,協議成立,請求權人所有漁船之部分結構（包括船體頂罩、駕駛台、甲板、儀表板、雷達及電路線），於民國98年3月13日16時50分時，因海岸巡防總局北部地區巡防局岸巡第二總隊外木山安檢所頂樓之鐵塔斷裂倒塌而損壞，爰請求國家賠償。,交通意外,受傷或受有損害
219,行政院海巡署,行政院海岸巡防署海岸巡防總局北部地區巡防局,國賠法第2條第2項、第3條第1項,98.05.12,2353894,臺灣桃園地方法院民事判決確定（97年度國字第17號）,請求權人之子服役於所屬新竹安檢所，96年10月24日中午12時許前往漁港安檢碼頭登船進行安檢時落海，其所穿著之救生衣因無感應器無法自動充氣，且鋼瓶已使用過而無CO2氣體，手動式充氣閥亦故障無法正常拉起，致無法發揮救生功能，於打撈上岸時已溺斃死亡，爰請求國家賠償。,行政疏失,死亡
220,內政部,內政部國土測繪中心,國賠法第2條第2項,98.05.07,283402,臺灣高等法院臺中分院民事判決確定（97年度上國易字第8號）,請求權人於民國95年10月間，經台灣彰化地方法院拍賣程序，取得彰化縣和美鎮和北段487地號土地所有權，惟土地登記謄本所載面積451平方公尺，與彰化縣和美地政事務所計算該筆土地地籍圖上面積304平方公尺，面積差距147平方公尺，影響拍定人信賴土地登記之效力，爰請求國家賠償。,行政疏失,受傷或受有損害
221,國防部,國防部海軍司令部,國賠法第2條第2項,98.04.24,2114083,臺灣高等法院民事判決確定（97年度上國更（一）字第1號）,請求權人服役海軍陸戰隊第99旅砲兵營第3連期間，於94年4月9日奉命執行恆春地區洋蔥助割任務，因所屬機關未盡防護注意義務，右眼眼角膜遭異物感染，致其感染，眼球潰瘍損傷，爰請求國家賠償。,軍訓事故,受傷或受有損害
222,國防部,國防部海軍司令部,國賠法第2條第2項,98.04.03,4865549,協議成立,請求權人之子服役於海軍，因軍艦實施艦測演練時，未確依編組人員職掌分配及全盤性考量作業上安全及操演狀況，造成呂員受傷落海意外死亡，爰請求國家賠償。,軍訓事故,死亡
223,交通部,交通部公路總局第三區養護工程處,國賠法第3條第1項,98.04.01,604511,臺灣高等法院高雄分院民事判決確定（97年度上國易字第3號）,請求權人於95年6月12日騎機車行經縣道189縣1k處，因路面坑洞，致摔倒受傷，爰請求國家賠償。,交通意外,受傷或受有損害
224,經濟部,經濟部工業局,國賠法第3條第1項,98.03.27,607828,臺灣高等法院民事判決確定（97年度上國易字第11號）,請求權人於95年3月20日19時47分許上班途中，騎乘機車行經新竹工業區光復北路24號前，因道路上施工之坑洞未填補，亦未設立警告標誌及該路段未設置路燈，致人車掉落坑洞，造成顱內出血，四肢多處擦傷，爰請求國家賠償。,交通意外,受傷或受有損害
225,交通部,交通部公路總局第二區養護工程處,國賠法第3條第1項,98.03.27,12487,協議成立,請求權人所有自小貨車於98年1月15日12時30分許行經台76線18K＋300處，因橋梁伸縮縫鐵片脫落突出路面，致車輛受損，爰請求國家賠償。,交通意外,受傷或受有損害
226,行政院海巡署,行政院海岸巡防署海岸巡防總局中部地區巡防局第四海岸巡防總隊,國賠法第2條第2項,98.03.23,31170,臺灣嘉義地方法院民事判決確定（97年度朴國簡字第2號）,請求權人於97年5月10日出海遭不當限制，致使其權益受損，爰請求國家賠償。,行政疏失,受傷或受有損害
227,交通部,交通部公路總局第二區養護工程處,國賠法第3條第1項,98.03.10,253625,協議成立,請求權人於97年9月11日駕車載妻子及子女等行經台10線中清路公明國中前，因遭路標告示牌擊中，致車損人傷，爰請求國家賠償。,交通意外,受傷或受有損害
228,法務部,臺灣高雄地方法院檢察署,國賠法第2條第2項、第4條第1項,98.03.10,804276,臺灣高等法院高雄分院民事判決確定（96年度上國易字第3號）,高雄縣警察局六龜分局於89年10月2日持高雄地檢署檢察官核發搜索票在高雄縣六龜鄉（荖濃山產店）查扣陳○○（請求權人之父、已歿）持有之牛樟茹34.61公斤，經警察機關查扣並責付由林務局保管期間遭竊，嗣因無罪確定而無法發還，爰請求國家賠償。,行政疏失,受傷或受有損害
229,國防部,國防部,國賠法第3條第1項,98.03.03,38133,協議成立,請求權人所有自用小客車於97年6月2日停放於高雄縣鳳山市中正國防幹部預備學校職務宿舍「慈光24村」停車格內，因路樹倒塌而毀損，爰請求國家賠償。,交通意外,受傷或受有損害
230,國軍退除役官兵輔導委員會,行政院國軍退除役官兵輔導委員會,國賠法第2條第2項,98.01.15,1269934,協議成立,"請求權人退休，因行政作業造成月退休金短差新臺幣9,266元，爰請求國家賠償。",行政疏失,受傷或受有損害
231,法務部,臺灣板橋地方法院檢察署,國賠法第2條第2項,98.01.07,75600,協議成立,請求權人於94年10月28日起服刑，原執行完畢日期為96年12月19日，致97年1月25日始經釋放，逾期執行日期計36日，爰請求國家賠償。,行政疏失,受傷或受有損害
232,財政部,財政部國有財產局臺灣南區辦事處嘉義分處,國賠法第3條第1項,97.12.24,66640,臺灣嘉義地方法院民事判決確定（97年度國簡上字第1號）,請求權人所有之自小客車停放於自家門口，為嘉義市長竹段611及612－5地號等2筆國有土地上之黑板樹壓毀該車，爰請求國家賠償。,交通意外,受傷或受有損害
233,國防部,國防部陸軍司令部,國賠法第2條第2項,97.12.22,1041313,協議成立,請求權人因陸軍通信部隊於95年11月28日在嘉義縣大林鎮162線13.5公里處，執行修繕道路人孔蓋工程後，未依道路交通標誌標線號誌設置規則及道路交通安全規則等規定設置警告標示，致渠等父親黃○○駕車行經該處，反應不及，發生交通事故送醫不治死亡，爰請求國家賠償。,交通意外,死亡
234,交通部,交通部公路總局第二區養護工程處,國賠法第3條第1項,97.12.22,1500000,協議成立,請求權人之父陳○○君於97年9月14日晚間6時49分許，搭乘營業自小客車經臺中縣后豐大橋處，因辛樂克颱風造成后豐大橋斷裂橋面陷落，導致被害人陳君連車帶人墜落入大甲溪中失蹤，爰請求國家賠償。,天災,死亡
235,交通部,交通部公路總局第二區養護工程處,國賠法第3條第1項,97.12.22,1838599,協議成立,請求權人之父陳○○君於97年9月14日晚間6時49分許，搭乘營業自小客車行經臺中縣后豐大橋處，因辛樂克颱風造成后豐大橋斷裂橋面陷落，導致被害人陳君連車帶人墜落入大甲溪中失蹤，爰請求國家賠償。,天災,死亡
236,交通部,交通部公路總局第二區養護工程處,國賠法第3條第1項,97.12.18,6659779,協議成立,請求權人賴○○、張○○、張李○○等之夫（父、子）張○○君於97年9月14日晚間6時49分許，駕駛營業自小客車行經臺中縣后豐大橋處，因辛樂克颱風造成后豐大橋斷裂橋面陷落，導致被害人張君連車帶人墜落入大甲溪中失蹤，爰請求國家賠償。,天災,死亡
237,交通部,交通部公路總局第二區養護工程處,國賠法第3條第1項,97.12.16,5815008,協議成立,請求權人之子沈○○於97年9月14日晚間6時49分許，駕駛自小客車行經臺中縣后豐大橋北上，因辛樂克颱風豪雨，大甲溪水位暴漲，致該橋p2橋墩墩基不堪洪流沖刷斷裂，s2及s3橋面版坍落大甲溪，因閃避不及，連車帶人墜落遭洪水沖走死亡，爰請求國家賠償。,天災,死亡
238,交通部,交通部公路總局第二區養護工程處,國賠法第3條第1項,97.12.15,5254748,協議成立,請求權人之女陳○○於97年9月14日晚間6時49分許，乘自小客車行經臺中縣后豐大橋處，因辛樂克颱風造成后豐大橋斷裂橋面陷落，導致被害人陳君連車帶人墜落入大甲溪中失蹤，爰請求國家賠償。,天災,死亡
239,交通部,交通部公路總局第二區養護工程處,國賠法第3條第1項,97.12.15,8315214,協議成立,請求權人之子（父、夫）雷○○於97年9月14日晚間6時50分許，駕駛自小客車行經臺中縣后里鄉台13線后豐大橋，因當時辛樂克颱風來襲，雨水沖刷橋墩，導致p2橋墩斷裂，橋面陷落，連人帶車落入大甲溪不幸罹難，爰請求國家賠償。,天災,死亡
240,經濟部,經濟部工業局,國賠法第3條第1項,97.12.10,761800,協議成立,請求權人於民國95年6月1日1時40分騎乘機車行經濟部工業局民雄工業區服務中心（嘉義縣民雄鄉福樂村台一線與中山路口）因路面坑洞導致摔倒送醫，不能外出工作損失及醫藥費等，爰請求國家賠償。,交通意外,受傷或受有損害
241,交通部,交通部公路總局第二區養護工程處,國賠法第3條第1項,97.12.10,8311,協議成立,請求權人之自小客車（休旅車）由黃○○駕駛，於97年9月11日17時19分許，行經苗栗市國華路地下道處，因排水溝鐵蓋凸起，導致車底油箱，油管破裂及保險桿扭曲破裂等損害，爰請求國家賠償。,交通意外,受傷或受有損害
242,交通部,交通部公路總局第二區養護工程處,國賠法第3條第1項,97.12.01,4981460,協議成立,請求權人李○○等3人之母於97年9月14日晚間6時49分許，與陳○○共同搭乘張○○所駕駛營業自小客車行經臺中縣后豐大橋處，因辛樂克颱風造成后豐大橋斷裂橋面陷落，導致楊君連車帶人墜落入大甲溪中失蹤，爰請求國家賠償。,天災,死亡
243,交通部,交通部公路總局第五區養護工程處,國賠法第3條第1項,97.12.01,3028268,最高法院民事裁定（97年度臺上字第2292號）,屏東縣民謝○○於民國94年7月7日0時40分許，騎乘機車行經縣道154線雲林縣麥寮鄉三盛村工業路（溪北51西7號）電桿前，因該路段照明欠缺，路面坑洞深達15公分影響機車行車安全，致機車通過坑洞後失控滑倒，謝君頭部受傷送醫後不治死亡，爰請求國家賠償。,交通意外,死亡
244,交通部,交通部公路總局第二區養護工程處,國賠法第3條第1項,97.11.17,1090679,臺灣高等法院臺中分院民事判決確定（97年度上國字第6號）,請求權人吳○○之妻蕭○○女士於95年3月13日上午搭乘台電公司公務車，行經中橫公路台8線64公里處，疑因該處路基流失之窟窿路段防護措施簡陋，來不及反應墜入窟窿下之山谷致死，爰請求國家賠償。,交通意外,死亡
245,交通部,交通部臺灣區國道高速公路局中區工程處,國賠法第3條第1項,97.11.12,161860,臺灣臺中地方法院民事判決確定（97年度國簡上字第2號）,請求權人於民國95年4月18日晚上8時25分許。騎乘機車沿臺中市五權西路往西方向行駛，至中山高速公路下（涵洞）機車道轉彎處，因適為晚上，該處燈光不清，又係一轉彎處，雖慢速行駛，亦無法即時發現路面佈滿黑色油漬，待發現路面有油漬時，已煞車不及，致人車滑倒在地，受有左手肱骨折之傷害，經送醫急救，爰請求國家賠償。,交通意外,受傷或受有損害
246,交通部,交通部公路總局第三區養護工程處,國賠法第3條第1項,97.10.14,155128,臺灣高等法院高雄分院民事判決（96年度鳳國簡字第3號）,縣道183甲線鳳頂路1000號陸軍步校前因自來水公司消防栓漏水致請求權人摔倒受傷，爰請求國家賠償。,交通意外,受傷或受有損害
247,交通部,交通部臺灣區國道高速公路局北區工程處,國賠法第3條第1項,97.10.13,76794,協議成立,請求權人等6位（公司）於97年5月15日上午11時許經國道3號南下埔頂II隧道，因隧道嵿FM漏波電纜掉落，造成車輛損害，爰請求國家賠償。,交通意外,受傷或受有損害
248,國防部,國防部陸軍司令部,國賠法第2條第2項,97.09.18,1598432,臺灣高等法院民事判決確定（96年度上國易字第31號）,請求權人服役國防部陸軍司令部10軍團反裝甲營2連擔任駕駛兵，94年6月24日17時許在臺中縣大甲鎮大安海水浴場進行漢光21號展示科目操演，同僚將「拖式飛彈爆震模擬器」自發射管拆下後，交由位於悍馬車內之侯○○持有，惟前揭模擬器突然發生爆炸，致受有左手爆炸傷併無名指、小指截肢等，爰請求國家賠償。,軍訓事故,受傷或受有損害
249,交通部,交通部臺灣區國道高速公路局北區工程處,國賠法第3條第1項,97.09.17,54935,協議成立,請求權人等4位（公司）於97年3月6日晚上10時許經國道3號高速公路南下60.45公里處因隧道嵿漏波電纜掉落，造成車輛損害，爰請求國家賠償。,交通意外,受傷或受有損害
250,交通部,交通部觀光局雲嘉南濱海國家風景區管理處,國賠法第3條第1項,97.09.08,449480,臺灣高等法院臺南分院民事判決確定（97年度再國易字第1號）,請求權人之配偶杜○○於95年7月1日至頂山村南30線0.2k附近鹽田撒網捕魚，因不知該處業經臺南縣七股鄉公所所發包工程之承包廠商向下挖深距路面約有三公尺深，水深遠大於人高，一旦下水必遭滅頂，因被害人因不知該處已成極危險地帶，因此一如往常下水捕魚，卻遭滅頂死亡，爰請求國家賠償。,交通意外,死亡
251,國防部,國防部空軍司令部,國賠法第3條第1項,97.08.27,2355,協議成立,請求權人97年5月5日上班途中，行經臺北市仁愛路三段國防部空軍司令部前人行道上，遭圍牆外瞬間傾倒之榕樹擊中頭部及壓傷左腳踝送醫，爰請求國家賠償。,交通意外,受傷或受有損害
252,內政部,內政部營建署墾丁國家公園管理處,國賠法第3條第1項,97.08.27,27624,協議成立,請求權人所有車輛於97年7月7日因受墾丁國家公園管理處潭仔灣遊客中心停車場地面突然彈起之鋼筋造成之車損維修費、托吊費、運送費、交通費，爰請求國家賠償。,交通意外,受傷或受有損害
253,國防部,國防部陸軍司令部,國賠法第3條第1項,97.08.06,810597,臺灣臺中地方法院民事判決確定（97年度國字第5號）,請求權人之夫於95年間遭國防部陸軍司令十軍團所屬南大營區營站前大門傾倒壓傷致死，爰請求國家賠償。,軍訓事故,死亡
254,國防部,國防部海軍司令部,國賠法第2條第2項,97.07.29,13631243,臺灣高等法院民事判決（97年度重上國字第3號）,請求權人之子林○○服役期間，於93年8月11日，在國防部海軍司令部新兵訓練中心實施第四次水上救生課程，因動作欠熟練溺水昏迷，教學及在場相關人員疏於防範未能即時搶救，致林○○且現呈植物人狀態，爰請求國家賠償。,軍訓事故,受傷或受有損害
255,交通部,交通部公路總局第二區養護工程處,國賠法第3條第1項,97.07.18,8177,協議成立,請求權人梁○○所有自小客車，於民國97年4月13日，行經苗栗縣獅潭鄉台3線百壽隧道口處，因上邊坡枯樹突然倒下壓損車輛引擎蓋及葉子板，爰請求國家賠償。,交通意外,受傷或受有損害
256,交通部,交通部公路總局第一區養護工程處,國賠法第3條第1項,97.07.18,3652649,最高法院民事裁定（97年度台上字第1177號）,被害人傅○○（即請求權人之子、夫、父）於民國95年6月14日，騎乘重型機車，行經關渡大橋橋上時，因路面凹凸不平致機車失控倒地後滑行至對向車道，遭預拌混凝土車撞擊，導致送醫不治身亡，爰請求國家賠償。,交通意外,死亡
257,交通部,交通部公路總局第二區養護工程處,國賠法第3條第1項,97.06.10,48891,協議成立,請求權人民國96年9月8日，騎機車行經臺中縣后里鄉甲后路與復興街口，因路面凹凸不平且無警告標誌，致摔倒車損人傷，爰請求國家賠償。,交通意外,受傷或受有損害
258,交通部,交通部公路總局第五區養護工程處,國賠法第3條第1項,97.06.02,113613,臺灣嘉義地方法院民事裁定（96年度國簡上字第3號）,請求權人民國95年6月9日19時許，騎乘機車由柳營往嘉義途中，行經臺南縣後壁鄉台1縣284.9公里處，因道路都是砂石與坑洞，未放警示標誌，致被地面之砂石滑倒受傷，指因公有設施置管理欠缺致生損害，爰請求國家賠償。,交通意外,受傷或受有損害
259,銓敘部,銓敘部,國賠法第2條第2項,97.05.30,120000,協議成立,銓敘部因誤算請求權人兼領二分之一次退休金18%優惠存款利息金額，爰請求國家賠償。,行政疏失,受傷或受有損害
260,交通部,交通部公路總局第五區養護工程處,國賠法第3條第1項,97.05.21,375168,臺灣高等法院臺南分院民事判決確定（96年度上國易字第11號）,請求權人之女江○○於民國93年2月7日與朋友共乘機車，途經嘉義縣大林鎮縣道162線＋10K＋100處，撞及測速照相桿，至江○○受傷，送醫後不治；交通部公路總局第五區養護工程處同意嘉義縣警察局違規設置測速照相桿致生損害，爰請求國家賠償。,交通意外,死亡
261,交通部,交通部公路總局第三區養護工程處,國賠法第3條第1項,97.05.19,323831,臺灣高等法院高雄分院民事判決（96年度上國易字第6號）,請求權人之父楊○○駕駛自用小客車，行經臺9線461k因海棠颱風造成路面塌陷路基翻落路面後起火燃燒致死，爰請求國家賠償。,交通意外,死亡
262,交通部,交通部公路總局第三區養護工程處,國賠法第3條第1項,97.05.05,8364641,最高法院民事裁定（97年度臺上字第635號）,臺3線南下437k＋320因路面未設護欄等安全設施致黃○子女等跌入水溝致死，爰請求國家賠償。,交通意外,死亡
263,國防部,國防部聯合後勤司令部,國賠法第2條第2項,97.04.09,5180458,最高法院民事判決（97年度台上字第449號）,請求權人奉命擔任更換2噸半輪車扭力桿，因單位未將龍門吊架置放於平整地面上，致吊架傾倒撞擊身體側面，造成膀胱及右上肢等部位重大傷害，爰請求國家賠償。,軍訓事故,受傷或受有損害
264,國防部,國防部陸軍司令部,國賠法第2條第2項,97.04.08,1491538,臺灣高等法院民事判決確定（96年度上國易字第19號）,請求權人前以92年服役於陸軍153旅期間擔任少尉排長，因執行漢光19號演習淨灘任務，不慎遭未爆彈炸傷致其左腿後跟粉碎性骨折，爰請求國家賠償。,軍訓事故,受傷或受有損害
265,交通部,交通部公路總局第二區養護工程處,國賠法第3條第1項,97.03.24,7466,協議成立,請求權人於95年7月29日，駕駛自小客車行經苗栗縣台6線汶水橋南端旁接近台3線交界處，路邊停車時，因水溝蓋底座鏽蝕至下陷，造成車輛右前輪下沈受損害，爰請求國家賠償。,交通意外,受傷或受有損害
266,交通部,交通部公路總局第五區養護工程處,國賠法第3條第1項,97.03.03,1282896,臺灣高等法院臺南分院民事判決確定（96年度上國易字第7號）,請求權人之親屬蔡○○於民國93年12月12日，騎乘機車行經嘉義縣太保市後潭里縣道168線由東向西21.3里處，指因機車道突然縮減，其其前方並未設有反光標誌或任何警告標誌，且照明不足而撞擊路旁臺電之電桿，致人車倒地受重傷，經送醫不治死亡，爰請求國家賠償。,交通意外,死亡
267,法務部,臺灣臺中少年觀護所,國賠法第2條第2項,97.02.05,3588082,最高法院民事判決（96年度台上字第2890號）,請求權人之女兒劉○○於民國93年2月3日於臺灣臺中少年觀護所執行觀察勒戒期間因病死亡，爰請求國家賠償。,行政疏失,死亡
268,國防部,國防部憲兵司令部,國賠法第2條第2項,97.01.10,100000,協議成立,請求權人於94年8月8日上午至南勢埔靶場進行槍械射擊訓練操作過程中，槍械爆炸，聽力受損及耳鳴，受永久性之傷害，爰請求國家賠償。,軍訓事故,受傷或受有損害
269,交通部,交通部公路總局第四區養護工程處,國賠法第3條第1項,96.12.12,89455,臺灣宜蘭地方法院民事判決確定（96年度國字第3號）,請求權人於94年12月10日，騎乘機車行經蘇澳鎮大同路168號前（即台2戊線），因道路施工，路面高低落差，致發生交通事故，爰請求國家賠償。,交通意外,受傷或受有損害
270,交通部,交通部公路總局第二區養護工程處,國賠法第3條第1項,96.11.15,4798,協議成立。,請求權人於96年8月22日，駕車行經台72線19K400北上處，因伸縮縫凸起致撞擊，造成車損，爰請求國家賠償。,交通意外,受傷或受有損害
271,交通部,交通部公路總局第二區養護工程處,國賠法第3條第1項,96.11.12,2153,協議成立。,請求權人於96年8月14日，駕車行經臺中縣大里鄉中投公路2K＋100公尺處，因路面坑洞，致車輪胎破損，爰請求國家賠償。,交通意外,受傷或受有損害
272,司法院,臺灣高雄地方法院,國賠法第2條第2項,96.10.19,1092464,臺灣高等法院高雄分院民事判決確定（94年度上國字第7號）。,因未就請求扣押提存之補償金核發扣押命令，致受有未能受償之損害，爰請求國家賠償。,行政疏失,受傷或受有損害
273,經濟部,經濟部工業局,國賠法第3條第1項,96.10.09,1780600,協議成立。,請求權人吳○○之妻、母陳○○女士，於民國94年7月21日晚上7時45分許，獨自騎乘機車行經高雄臨海工業區東林路，因路面有坑洞及碎石，路燈沒亮天色又已昏暗，致騎落坑洞，經送醫不治，爰請求國家賠償。,交通意外,死亡
274,交通部,交通部公路總局第二區養護工程處,國賠法第3條第1項,96.10.09,12919,協議成立。,請求權人於95年6月9日，騎乘機車行經彰化縣彰新路4段253號處（縣道139線6K＋600公尺），因路面坑洞，致摔倒車損人傷，爰請求國家賠償。,交通意外,受傷或受有損害
275,外交部,外交部,國賠法第2條第2項,96.10.03,20000,協議成立。,駐日代表處辦理護照遺失業務疏失致請求權人權利受損失，爰請求國家賠償。,行政疏失,受傷或受有損害
276,國防部,國防部海軍司令部,國賠法第2條第2項,96.10.02,300000,協議成立。,請求權人於94年11月4日在海軍陸戰隊旅防空營防3連服役期間（已退伍），奉命派靶助勤務，因單位未施以勤前教育及發耳塞，致其右耳受強大爆音而受有聽損，爰請求國家賠償。,軍訓事故,受傷或受有損害
277,衛生福利部,行政院衛生署臺東醫院,國賠法第3條第1項,96.09.27,1167835,臺灣高等法院花蓮分院民事判決確定（96年度上國字第2號）。,請求權人之子廖○○（行政院衛生署臺東醫院員工）搭乘交通車，因煞車失靈而煞避不及肇事，摔出車外死亡，爰請求國家賠償。,交通意外,死亡
278,國防部,國防部陸軍司令部,國賠法第2條第2項,96.09.26,2602977,協議成立。,請求權人於93年11月12日，執行勤務行車途中，遭裝載之龍門吊架撞擊成殘，爰請求國家賠償。（96年9月19日郵法字第0960001764號函）（0960036940）,軍訓事故,受傷或受有損害
279,財政部,財政部臺灣省北區國稅局,國賠法第3條第1項,96.09.26,230000,協議成立。,請求權人於95年7月25日，至財政部臺灣省北區國稅局竹東稽徵所洽公，不慎跌倒致生損害，爰請求國家賠償。（96年9月19日北區國稅法一字第0961045895號函）（0960036942）,行政疏失,受傷或受有損害
280,交通部,交通部公路總局第一區養護工程處,國賠法第3條第1項,96.09.12,560677,臺灣高等法院民事判決確定（96年度上國易字第2號）。,請求權人於91年11月7日，搭乘孫麗雪所駕駛之kw-329號輕型機車，行經桃園縣中壢市新生路3段88號前，因路面坑洞人車摔跌，致請求權人受有頭部外傷併右側癱瘓及多處撕裂傷等，爰請求國家賠償。,交通意外,受傷或受有損害
281,交通部,交通部公路總局第二區養護工程處,國賠法第3條第1項,96.09.05,166465,協議成立。,請求權人於95年6月8日，騎乘機車行經臺中縣清水鎮臨海路與港埠路處，因人孔蓋低於路面形成凹洞，致摔倒車損人傷，爰請求國家賠償。,交通意外,受傷或受有損害
282,教育部,教育部,國賠法第2條第2項,96.08.03,394503,協議成立。,請求權人公保養老給付優惠存款利息差額損失，爰請求國家賠償。,行政疏失,受傷或受有損害
283,交通部,交通部公路總局第三區養護工程處,國賠法第3條第1項,96.08.01,2651876,最高法院民事判決確定（96年度台上字第1304號）。,高屏大橋89年8月27日損害，致與請求權人訴訟案，交通部公路總局第三區養護工程處依據最高法院民事判決辦理。,天災,受傷或受有損害
284,行政院農委會,行政院農業委員會,國賠法第3條第1項,96.07.26,633674,最高法院民事判決確定（96年度臺上字1335號）,請求權人所有鴻盛36號漁船，於91年2月27日行政院農業委員會委託宜蘭縣政府代管之南方澳三角碼頭，因觸碰航道下方型塊突出物，導致沉沒，爰請求國家賠償。,交通意外,受傷或受有損害
285,交通部,交通部公路總局第二區養護工程處,國賠法第3條第1項,96.06.01,43581,協議成立。,請求權人於95年10月11日黃昏許，散步行經彰化縣田中鎮東閔路3段203號前處（141線11K+950），因該處路旁排水溝加蓋後留有6處約50公分寬孔口，亦無設置警告標誌，致雙腳踩空跌入孔口人受傷，爰請求國家賠償。,交通意外,受傷或受有損害
286,交通部,交通部公路總局第四區養護工程處,國賠法第3條第1項,96.05.07,1883104,最高法院民事判決確定（96年度臺上字654號）,請求權人於92年11月30日，原定於龜山火車站搭乘晚上7時48分火車前往臺北工作，不料於途中行經北關停車場對面排水涵洞不慎摔落水溝渠中，至隔日上午方為人發現，始送醫急救，經診斷有外傷性腦傷及腦出血，爰請求國家賠償。,交通意外,受傷或受有損害
287,內政部,內政部土地測量局,國賠法第2條第1項,96.04.27,500877,協議成立。,請求權人以其所有坐落臺北縣淡水鎮關渡段84－1、218－2、227－1地號土地，因測量錯誤，註銷所有權登記，致權益受損為由，爰請求國家賠償。,行政疏失,受傷或受有損害
288,交通部,交通部公路總局第二區養護工程處,國賠法第3條第1項,96.04.16,17049,協議成立。,請求權人於95年6月9日，騎乘機車行經臺中縣中棲路中二高橋下，於中棲路中尚有土石未清除，且未設警示設施，致閃避不及被土石絆倒，車損人傷，爰請求國家賠償。,交通意外,受傷或受有損害
289,內政部,內政部營建署太魯閣國家,國賠法第3條第1項,96.04.12,2879153,最高法院民事判決確定（96年度臺上字第533號）。,請求權人之女彭○○於89年8月18日下午7時許，騎乘重機車，由新竹縣竹北市往新埔鎮方向行駛，途經新埔鎮文山里犁頭山406號門前，適「高速鐵路聯外道路118線拓寬工程」施工，紐澤西水泥護欄擺放於慢車道中間，慢車道寬度縮減，且路面遺有砂石，致彭○○機車前輪撞上紐澤西護欄，人車摔倒，遭左側同方向之不明大貨車輾壓，經送醫不治死亡，爰請求國家賠償。,交通意外,死亡
290,交通部,交通部公路總局第二區養護工程處,國賠法第3條第1項,96.04.12,34255,協議成立。,請求權人於95年12月20日，騎乘機車行經彰化縣二林鎮150線斗苑路4段82號前處，因路面砂石，未設警告標示牌及警示燈，致車摔倒人傷，爰請求國家賠償。,交通意外,受傷或受有損害
291,交通部,交通部公路總局第一區養護工程處,國賠法第3條第1項,96.04.10,11061031,臺灣高等法院花蓮分院民事判決確定（95年重上國字第3號）。,本案係訴外人林○○（已歿；其父母子妻）與請求權人阮○○等4人於94年4月3日，在太魯閣國家公園文山公園一號池沖泡時，突遭崩落土石擊中，林○○不治死亡，請求權人阮○○等人嚴重傷害，爰請求國家賠償。,天災,死亡
292,交通部,交通部公路總局第五區養護工程處,國賠法第3條第1項,96.03.27,126692,協議成立。,請求權人於95年7月17日，騎乘機車行經臺南縣關廟鄉臺19甲線54.6公里處，指因道路有約長1公尺、寬20餘公分、深10餘公分之坑洞，適逢天雨騎至坑洞人車立即摔倒而受重傷，爰請求國家賠償。,交通意外,受傷或受有損害
293,交通部,交通部公路總局第二區養護工程處,國賠法第3條第1項,96.03.14,8397,協議成立。,請求權人於95年11月29日，騎機車行經台17縣43K處，因路面凹突有砂石，致摔倒車損人傷，爰請求國家賠償。,交通意外,受傷或受有損害
294,交通部,交通部公路總局臺北區監理所,國賠法第2條第1項,96.03.09,50000,臺灣花蓮地方法院民事判決確定（93年度國再易字第1號）。,民國87年7月31日請求權人劉○○酒後駕車遭取締並扣留駕駛執照，花蓮監理站於89年3月28日函返還劉君駕照，劉君爰依交通部公路總局臺北區監理所自87年9月14日起至89年3月28日返還駕照止，並無法律上原因可繼續扣留劉君駕照，爰請求國家賠償。,行政疏失,受傷或受有損害
295,交通部,交通部公路總局第五區養護工程處,國賠法第3條第1項,96.03.05,2971246,臺灣高等法院臺南分院民事判決確定（95年度上國字第2號）。,請求權人親屬曾○○於94年4月7日，駕駛小貨車由南往北行經雲林縣東勢鄉新坤村縣道153線2.1公里處，因新美橋前路寬為4.8公尺，橋面寬度驟減為3.6公尺，並未設置任何警告標誌，致右前車頭撞上新美橋墩致車輛起火，曾君當場死亡，,交通意外,死亡
296,交通部,交通部公路總局,國賠法第3條第1項,96.02.16,1471772,臺灣高等法院高雄分院民事判決確定（95年度上國字第8號）。,屏東市民邱○○於93年7月20日，騎乘重型機車途經高屏大橋（往屏東方向）因路燈不亮，撞擊第3人，傷重不治死亡，請求國家賠償。,交通意外,死亡
297,交通部,交通部公路總局第四區養護工程處,國賠法第3條第1項,96.02.15,1568269,臺灣高等法院民事判決確定（95年度國字第1號）。,請求權人於91年10月7日駕駛機車，由臺北往頭城方向行駛，行經臺2線136K+500公尺處，因路面凹凸不平，至薛君行進中機車不慎滑倒，造成人嚴重受傷，機車損害之交通事故，爰請求國家賠償。,交通意外,受傷或受有損害
298,交通部,交通部公路總局第三區養護工程處,國賠法第3條第1項,96.02.14,37656,協議成立。,車輛損害人吳○○稱其於94年9月30日駕駛大貨車行經臺9線424K＋100公尺附近，因對向車道施工，疏未設警告標誌，致南下車道駕駛人李○○駕駛自小客車為閃避土石堆與其發生車禍，造成雙方車體全毀，因於94年10月1日已與李○○和解，故其向交通部公路總局第三區養護工程處請求之債權讓與李○○，由李○○代位請求。,交通意外,受傷或受有損害
299,交通部,交通部公路總局第四區養護工程處,國賠法第3條第1項,96.02.09,75081,協議成立。,請求權人於95年1月1日駕駛AM7-091號重型機車，由宜蘭縣大同鄉往員山方向行駛，途經臺7線110K+100公尺處，因路面有坑洞，致請求權人行經該處時陷入坑洞，車損人受傷，爰請求國家賠償。,交通意外,受傷或受有損害
300,財政部,財政部高雄關稅局,國賠法第2條第2項,96.02.02,70000,協議成立。,請求權人進口乾中藥乙批，漏未申報天麻片乙項，該來貨屬華盛頓公約附錄二物種貨品，為經濟部國際貿易局公告之有條件限制輸入貨品，財政部高雄關稅局誤認有逃避管制之情形，依海關緝司條例相關規定科處罰鍰並沒入貨物，提起行政救濟，撤銷原處分，爰請求國家賠償。,行政疏失,受傷或受有損害
301,交通部,交通部公路總局第三區養護工程處,國賠法第3條第1項,96.02.02,6183,臺灣屏東地方法院民事判決確定（95年度潮國簡字第1號）。,請求權人於94年9月30日駕駛自小客車行經臺9線424公里100公尺處，因閃避路面上之土堆而撞及訴外人吳瑞隆所駕駛之自大貨車，致雙方所駕駛之車輛全毀，爰請求國家賠償。,交通意外,受傷或受有損害
302,交通部,交通部公路總局第四區養護工程處,國賠法第3條第1項,96.01.29,136941,臺灣高等法院民事判決確定（95年度上國易字第16號）,請求權人○○○等2人於92年7月19日上午，騎乘重型機車後載黃○○向頭城方向行駛至大溪（臺2線）火車站往南約50公尺處，因水溝新鋪柏油路面突起，至行經機車觸凸處突然跳起摔倒車損人傷，爰請求國家賠償。（96年1月26日四工勞字第0961000570號函）（0960004897）,交通意外,受傷或受有損害
303,法務部,臺灣花蓮地方法院檢察署,國賠法第2條第2項,96.01.12,108183,臺灣花蓮地方法院民事判決確定（94年度國簡上字第2號、95年度國再易字第1號）。,請求權人逾期執行45日之刑期，爰請求國家賠償。（96年1月11日花檢貴潔94賠訴協1、訴訟1字第00445號函）,行政疏失,受傷或受有損害
304,交通部,交通部公路總局第二區養護工程處,國賠法第3條第1項,96.01.04,579860,臺灣高等法院臺中分院民事判決確定（95年度上國易字第13號）。,請求權人○○○等2人之夫（父）於94年3月29日下午1時許，騎機車行經水里鄉永豐巷11號前（台16線），因路面散佈大面積之碎石，致摔倒人亡，爰請求國家賠償。,交通意外,死亡
305,國防部,國防部陸軍司令部,國賠法第2條第2項,95.12.18,4376639,最高法院民事判決確定（95年度台上字第2540號）。,請求權人謝○○前於88年服役陸軍119旅期間，遭士兵游○○不慎發動車輛撞傷，爰請求國家賠償。,軍訓事故,受傷或受有損害
306,交通部,交通部公路總局第三區養護工程處,國賠法第3條第1項,95.11.27,2991386,最高法院民事判決確定（95年度台上字第2027號）,交通部公路總局第三區養護工程處代養縣道189號縣13k+010附近，（屏東縣竹田鄉連成路6之4號斜對面）因標誌桿設置於路邊，至黃○○之夫潘○○摔倒致死請求國家賠償。,交通意外,死亡
307,交通部,交通部公路總局第二區養護工程處,國賠法第3條第1項,95.10.13,794605,臺灣高等法院臺中分院民事判決確定（95年度上國易字第6號）。,請求權人黃○○等3人之父於92年9月25日下午3時05分許，駕車經南投縣鹿谷鄉瑞田村集鹿大橋南引道處，因該處設置高度限制桿導致路面減縮，且未製作警告設施或標誌，致撞擊該限制桿，傷重人亡，爰請求國家賠償。,交通意外,死亡
308,經濟部,經濟部水利署第七河川局,國賠法第3條第1項,95.09.01,1208776,臺灣屏東地方法院民事判決93年度訴字第394號、臺高院高雄分院（94年度國易字第3號）。,請求權人之子陳○○於93年1月1日途經屏東縣南平里海堤水防道路，因該路面高凸隆起，致陳○○騎乘機車行經該路面時失控衝撞路旁小貨車致死。,交通意外,死亡
309,法務部,臺灣泰源技能訓練所,國賠法第2條第2項,95.08.09,1774026,臺灣臺東地方法院88年度國字第8號、臺高院花蓮分院94年度重上國字第2號、最高法院民事裁定確定（95年度台上字第588號）。,賠償義務機關對收容人劉○○與人鬥毆之違規事件處理不當，復怠於行使職務，未適時為被害人延醫，致其傷重死亡。,行政疏失,死亡
310,交通部,交通部公路總局第二區養護工程處,國賠法第3條第1項,95.07.07,52794,臺中地方法院民事判決確定（94年度國簡上字第1號）。,請求權人於臺中縣新社鄉水底寮段上水底寮小段421之183、185之42地號之果園及住處係位於省道21縣0k＋300路段，因該處橫向排水涵管91年底早已淤積泥砂雜物阻塞排水，嗣逢雨季道路排水匯集溢出溝渠，沖刷下方之果園及住家，致造成損害。,行政疏失,受傷或受有損害
311,交通部,交通部公路總局第三區養護工程處,國賠法第3條第1項,95.07.07,5023510,最高法院民事判決確定（95年度台上字第983號）。,高屏大橋89年8月27日損壞，致與曾○○訴訟案。,天災,受傷或受有損害
312,交通部,交通部公路總局第三區養護工程處,國賠法第3條第1項,95.07.07,3937685,最高法院民事判決確定（95年度台上字第967號）。,高屏大橋89年8月27日損壞，致與林○○訴訟案。,天災,受傷或受有損害
313,財政部,財政部基隆關稅局,國賠法第2條第2項,95.07.03,217095,協議成立。,請求權人因進口貨物申報產地問題與本局發生爭議，經複查、訴願程序後，提起行政訴訟。案經行政法院認定原申報產地無誤，判決撤銷原處分，爰請求國家賠償。,行政疏失,受傷或受有損害
314,交通部,交通部公路總局第三區養護工程處,國賠法第3條第1項,95.06.19,4792148,最高法院民事判決確定（95年度台上字第244號）。,台11縣107K＋00－110K＋000路基路面拓寬工程，於87年因施工期間施工便道涵管阻塞，溪水越堤淹沒被害人李○○等4人之被繼承人林忠森所養殖之九孔死亡，爰請求國家賠償。,工程意外,受傷或受有損害
315,交通部,交通部公路總局第二區養護工程處,國賠法第3條第1項,95.06.08,186806,協議成立。,請求權人於94年10月24日13時30分許，駕車經臺中縣豐原市中山路153號前，撞擊道路人孔蓋旁水泥塊致衝撞其他車輛，故車損人傷，爰請求國家賠償。,交通意外,受傷或受有損害
316,財政部,財政部基隆關稅局,國賠法第2條第2項,95.05.17,171497,台北高等行政法院（91年度訴字第2812號）及最高行政法院（94年度判字第01594號）。,請求權人因進口貨物申報產地問題與本局發生爭議，經複查、訴願程序後，提起行政訴訟。案經行政法院認定原申報產地無誤，判決撤銷原處分，爰請求國家賠償。,行政疏失,受傷或受有損害
317,交通部,交通部高雄港務局,國賠法第3條第1項,95.02.24,4943193,協議成立。,請求權人於94年4月14日騎機車行經交通部高雄港務局管理之53號碼頭道路，因路面下陷造成請求權人摔傷致重度肢障。,交通意外,受傷或受有損害
318,交通部,交通部鐵路改建工程局東部工程處,國賠法第3條第1項,95.01.09,2094232,台灣屏東地方法院民事判決確定（94年國字第2號）。,請求權人之父、夫於89年7月18日上午5時30分許駕駛機車行經屏東縣獅子鄉獅子段124之5、125地號內便道，鄰近電線桿傾毀蝕落情形，致其自身連同機車皆墜落於上開路段而死亡。,交通意外,死亡
319,財政部,財政部基隆關稅局,國賠法第2條第2項,95.01.03,639561,台北高等行政法院（90年度訴字第2050號）及最高行政法院民事判決確定（93年度判字第494號）。,請求權人因進口貨物申報產地問題與本局發生爭議，經複查、訴願程序後，提起撤銷原處分暨請求國家賠償之訴，案經行政法院認定原申報產地無誤，判決撤銷原處分，爰請求國家賠償。,行政疏失,受傷或受有損害
320,經濟部,經濟部工業局,國賠法第3條第1項,94.12.09,1720000,協議成立,請求權人之父於本（94）年5月9日晚上，於中壢工業區污水廠污水處理機廁所內吸入過量有害氣體造成死亡，爰請求國家賠償。,工程意外,死亡
321,經濟部,經濟部工業局,國賠法第3條第1項,94.12.09,2800000,協議成立,請求權人之夫，擔任中壢工業區污水處理廠之服務人員，於中壢工業區污水處理廠脫水機房之廁所內吸入過量有害氣體造成死亡，爰請求國家賠償。,工程意外,死亡
322,交通部,交通部公路總局第二區養護工程處,國賠法第3條第1項,94.12.09,272050,協議成立,"請求權人於94年6月16日騎機車經台17縣外側車道南向北行駛42,6公里處，因北上外側車道有一坑洞，致失去平衡人車倒地車會損人傷，爰請求國家賠償。",交通意外,受傷或受有損害
323,交通部,交通部公路總局第二區養護工程處,國賠法第3條第1項,94.12.01,34578,協議成立,請求權人於94年5月19日開車行經彰化縣二林鎮143線9k+450處趙甲橋前處，因路面突然下陷，致車損人傷，爰請求國家賠償。,交通意外,受傷或受有損害
324,交通部,交通部公路總局第二區養護工程處,國賠法第3條第1項,94.12.01,12479,協議成立,請求權人於94年2月27日駕車行經台1線96k處，因路面坑洞且周圍未設有警告標誌，致車右前輪陷落造成車體及零件損害，爰請求國家賠償。,交通意外,受傷或受有損害
325,交通部,交通部公路總局第二區養護工程處,國賠法第3條第1項,94.11.22,8006,協議成立,請求權人於93年10月31日騎機車經台八線由谷關往東勢方向行駛，至東卯溪施工便橋上，因鋼板上有很多砂石，致車身嚴重打滑，撞及護欄，護欄擺設未固定又有缺口，致連人帶車摔落便橋下，故車損人傷，爰請求國家賠償。,交通意外,受傷或受有損害
326,交通部,交通部公路總局第二區養護工程處,國賠法第3條第1項,94.11.22,4513,協議成立,請求權人之車由陳○○駕駛於94年2月27日行經台1線96k+800處，因路面坑洞且周圍未設有警告標誌，致車駛入坑洞造成損害，爰請求國家賠償。,交通意外,受傷或受有損害
327,交通部,交通部公路總局第三區養護工程處,國賠法第3條第1項,94.11.14,1641875,臺灣高等法院高雄分院民事判決確定,請求權人於90年10月21日騎車沿屏東縣200號縣道（下稱系爭道路）由北往南行駛，行經縣道南下14k+100處時，因該道路上右側有一大型坑洞，閃避不及，顛簸而滑行摔倒，請求權人爰請求國家賠償。,交通意外,受傷或受有損害
328,交通部,交通部公路總局第二區養護工程處,國賠法第3條第1項,94.11.07,41093,協議成立,請求權人於94年3月3日騎機車沿152縣由西往東行駛，經15k+800處因久雨路面損壞，路面凹陷一大坑洞積滿雨水，又無照明設置致事故車損人傷，爰請求國家賠償。,交通意外,受傷或受有損害
329,司法院,臺灣高雄地方法院,國賠法第2條第2項,94.10.17,212837,臺灣高等法院高雄分院民事判決確定,請求權人因賠償義務機關未合法送達相關訴訟文書而受有損害，爰請求國家賠償。,行政疏失,受傷或受有損害
330,行政院海巡署,行政院海岸巡防署海岸巡防總局南部地區巡防局,國賠法第2條第2項,94.10.07,400000,高雄地方法院民事判決確定,請求權人遭秘密證人檢舉，藏有大量走私農產品，其權利受損，爰請求國家賠償。,行政疏失,受傷或受有損害
331,國防部,國防部,國賠法第3條第1項,94.10.07,75250,協議成立,請求權人於駕車行經國防部最高軍事法院旁（復興營區內）道路時，適因路樹傾倒而遭壓損，爰請求國家賠償。,交通意外,受傷或受有損害
332,法務部,臺灣板橋地方法院檢察署,國賠法第2條第2項,94.09.26,110833,臺灣高等法院民事判決確定,請求權人於90年7月18日下午於該署候訊室等候強制執行戒治時，因談話音量與法警發生衝突，遭法警圍毆並踹傷，爰請求國家賠償。,行政疏失,受傷或受有損害
333,交通部,交通部公路總局第三區養護工程處,國賠法第3條第1項,94.09.23,5229,協議成立,請求權人於駕車行經台3線北上414.9公里處，因路面碎石致輪胎打滑失控，車輛翻覆毀損，乘客受傷，爰請求國家賠償。,交通意外,受傷或受有損害
334,交通部,交通部公路總局第二區養護工程處,國賠法第3條第1項,94.09.20,126989,台中地方法院民事判決確定,請求權人於開車行經台8線26k+650處時，遭邊坡枯樹倒下擊中車輛，致車毀人傷，爰請求國家賠償。,交通意外,受傷或受有損害
335,法務部,臺灣自強外役監,國賠法第2條2項,94.09.19,1492039,花蓮地方法院民事判決確定,該監駕駛於駕駛救護車戒送受刑人就醫途中，與請求權人發生車禍，致請求權人車毀人傷，爰請國家賠償。,交通意外,受傷或受有損害
336,經濟部,經濟部工業局,國賠法第2條2項,94.09.09,1084691,高等法院高雄分院民事判決確定,請求權人之子於賠償義務機關所屬之汙水處理廠進行修繕工程時，因該廠人員於未依一定正常之作業程序開、停水，肇生意外致死。,行政疏失,死亡
337,國防部,國防部憲兵司令部,國賠法第2條2項,94.08.23,3792000,協議成立,請求權人等於92年12月2日11時許於憲兵學校後山戰鬥教練場訓練時，因部隊不當施放煙幕彈致嗆傷，爰請求國家賠償。,軍訓事故,受傷或受有損害
338,國防部,國防部憲兵司令部,國賠法第2條2項,94.08.11,352800,協議成立,請求權人等於92年12月2日11時許於憲兵學校後山戰鬥教練場訓練時，因部隊不當施放煙幕彈致嗆傷，爰請求國家賠償。,軍訓事故,受傷或受有損害
339,財政部,財政部高雄關稅局,國賠法第2條第2項,94.07.26,136600,協議成立,請求權人申報進口大蒜乙批，經賠償義務機關認其涉虛報產地，依法科處罰鍰並沒入、銷毀貨物，嗣經財政部訴願決定撤銷原處分，並經關稅總局辦理覆鑑，核與原申報產地相符，請求權人爰依法請求國家賠償。,行政疏失,受傷或受有損害
340,財政部,財政部高雄關稅局,國賠法第2條第2項,94.07.26,129708,協議成立,請求權人申報進口大蒜乙批，經賠償義務機關認其涉虛報產地，依法科處罰鍰並沒入、銷毀貨物，嗣經財政部訴願決定撤銷原處分，並經關稅總局辦理覆鑑，核與原申報產地相符，請求權人爰依法請求國家賠償。,行政疏失,受傷或受有損害
341,財政部,財政部高雄關稅局,,94.07.26,140644,協議成立,請求權人申報進口大蒜乙批，經賠償義務機關認其涉虛報產地，依法科處罰鍰並沒入、銷毀貨物，嗣經財政部訴願決定撤銷原處分，並經關稅總局辦理覆鑑，核與原申報產地相符，請求權人爰依法請求國家賠償。,行政疏失,受傷或受有損害
342,財政部,財政部高雄關稅局,國賠法第2條第2項,94.07.26,132708,協議成立,請求權人申報進口大蒜乙批，經賠償義務機關認其涉虛報產地，依法科處罰鍰並沒入、銷毀貨物，嗣經財政部訴願決定撤銷原處分，並經關稅總局辦理覆鑑，核與原申報產地相符，請求權人爰依法請求國家賠償。,行政疏失,受傷或受有損害
343,交通部,交通部公路總局,國賠法第3條第1項,94.06.20,1246123,高等法院民事判決確定,請求權人之子陳○○於89年12月5日晚上，騎乘機車行經板橋市浮洲橋大觀路引道端橋頭處，因路面施工，車道鋼板設置未妥，警告標示不當，致其遭同向曳引車擦撞，落入車下輾壓致死，爰請求國家賠償。,交通意外,死亡
344,國防部,國防部憲兵司令部,國賠法第2條第2項,94.06.01,4980000,協議成立,請求權人等於92年12月2日11時許於憲兵學校後山戰鬥教練場訓練時，因部隊不當施放煙幕彈致嗆傷，爰請求國家賠償。,軍訓事故,受傷或受有損害
345,國防部,國防部憲兵司令部,國賠法第2條第2項,94.05.13,1500000,協議成立,請求權人等於92年12月2日11時許於憲兵學校後山戰鬥教練場訓練時，因部隊不當施放煙幕彈致嗆傷，爰請求國家賠償。,軍訓事故,受傷或受有損害
346,交通部,交通部公路總局第四區養護工程處,國賠法第3條第1項,94.05.06,8594924,協議成立,請求權人等之親屬尤○○等3人，於93年8月15日駕車由宜蘭前往花蓮，途經蘇花公路約123.7公里處時，不幸遭巨石掉落擊中，致車輛全損，3人亦當場死亡。,天災,死亡
347,國防部,國防部憲兵司令部,國賠法第2條第2項,94.05.05,2876000,協議成立,請求權人等於92年12月2日11時許於憲兵學校後山戰鬥教練場訓練時，因部隊不當施放煙幕彈致嗆傷，爰請求國家賠償。,軍訓事故,受傷或受有損害
348,財政部,財政部高雄市國稅局,國賠法第2條第2項,94.05.03,967197,臺灣高等法院高雄分院民事判決確定,請求權人等5人因賠償義務機關未經其同意而金罰鍰逕計入實物抵繳之範圍，致其在實物抵繳時因超額抵繳，受有損害，爰請求國家賠償。,行政疏失,受傷或受有損害
349,交通部,交通部公路總局第三區養護工程處,國賠法第3條第1項,94.04.22,2628663,最高法院民事判決確定,高屏大橋斷橋事件。,天災,受傷或受有損害
350,交通部,交通部公路總局第三區養護工程處,國賠法第3條第1項,94.04.21,126845,臺灣高等法院花蓮分院民事判決確定,請求權人於91年8月10日騎車行經台11線141k+530處時，適因該處甫因卡莫里颱風造成土石流，致其摔倒受傷，請求權人爰請求國家賠償。,天災,受傷或受有損害
351,法務部,臺灣台東地方法院檢察署,國沒法第2條第2項,94.04.20,300180,最高法院民事裁定確定,賠償義務機關於偵辦請求權人所涉其他刑事案件時，查扣請求權人所有非賭博性電玩，並交台東縣警察局台東分局富岡派出所保管，惟上述物品未經法院宣告沒收，亦未未妥為保管，致毀損不堪使用，請求權人爰請求國家賠償。,行政疏失,受傷或受有損害
352,教育部,國立台灣大學,國賠法第3條第1項,94.04.19,850000,92重上國字第8號和解筆錄,請求權人於87年1月22日16時因使用賠償機關學校共同教室一樓殘障廁所，因殘障扶手不耐重力，由牆面脫落，致請求權人腿部受傷，爰請求國家賠償。,行政疏失,受傷或受有損害
353,財政部,財政部臺灣省南區國稅局,國賠法第2條2項,94.04.14,5000,台南地方法院民事判決確定,賠償義務機關所屬分局以請求權人欠稅為由，移送強制執行，惟請求權人於繳清欠稅後，執行處仍對其強制執行，請求權人爰就其精神上損害請求國家賠償。,行政疏失,受傷或受有損害
354,交通部,交通部公路總局第五區養護工程處,國賠法第3條第1項,94.04.14,1963,協議成立,請求權人於94年8月26日19時許，駕車行駛行經台1線北上311K+153處，因路面坑洞又未設安全及警告措施，致其車輛受損，爰請求國家賠償。,交通意外,受傷或受有損害
355,國防部,國防部憲兵司令部,國賠法第2條2項,94.04.11,8600000,協議成立,請求權人等於92年12月2日11時許於憲兵學校後山戰鬥教練場訓練時，因部隊不當施放煙幕彈致嗆傷，爰請求國家賠償。,軍訓事故,受傷或受有損害
356,司法院,臺灣臺南地方法院,國賠法第2條2項,94.04.08,1181,臺灣臺南地方法院民事判決,請求權人為應台南地院所定連續二次庭期，自國外回國到院配合調查，然因執行法官不在院內，致其受有徒耗勞務及時間之損害，爰依法請求國家賠償。,行政疏失,受傷或受有損害
357,交通部,交通部公路總局第二區養護工程處,國賠法第3條第1項,94.03.21,33053,協議成立,請求權人於93年8月8日14時許，騎車行經台8線東關路往東勢方向行駛，因遇碎石路滑，致重心不穩跌落水溝受傷，爰依法請求國家賠償。,交通意外,受傷或受有損害
358,交通部,交通部高雄港務局,國賠法第3條第1項,94.02.02,789543,臺灣高等法院高雄分院民事判決確定,請求權人之家屬李○○於90年10月20日21時許，酒後駕車於高雄港鹽埕觀光碼頭第3船渠淺3碼頭，因該處無防範人車誤入之管制措施，警告標誌不完整，照明亦不足，至被害人落海死亡。其家屬爰請求國家賠償。,交通意外,死亡
359,行政院農委會,行政院農業委員會,國賠法第3條第1項,94.01.27,1465792,台灣高等法院民事判決確定,請求權人之家屬於89年9月14日3時許，騎車行經新竹市新港七路時，因路面坑洞致重心不穩摔倒，送醫後不治死亡，其家屬爰請求國家賠償。,交通意外,死亡
360,國防部,國防部陸軍總司令部,國賠法第3條第1項,94.01.20,60000,協議成立,請求權人所有之汽車於94年4月4日停放於台北市敦化南路時，因遭該部管轄之和平退舍路樹倒壓，致車輛受損，爰請求國家賠償。,交通意外,受傷或受有損害
361,教育部,國立交通大學,國賠法第2條2項,94.01.19,1891735,最高法院民事裁定確定,請求權人因該校81學年度第4次教師評審委員會對其做出僅續聘一年之決議，後雖經中央申評會不予維持，但該校仍怠於另為補救措施，致其於延宕期間受有未能工作之損失，爰請求國家賠償。,行政疏失,受傷或受有損害
362,行政院海巡署,行政院海岸巡防署海岸巡防總局北部地區巡防局,國賠法第2條2項,94.01.14,500000,協議成立,請求權人之子於93年5月13日16時許，與同單位服役之中士謝○○開車外出洽公，因謝員超速行駛，致雨天失控滑入對向車道，撞擊路邊測速桿，致其子死亡，請求權人爰請求國家賠償。,交通意外,死亡
363,交通部,交通部公路總局第二區養護工程處,國賠法第3條第1項,94.01.13,7142,協議成立,請求權人於93年8月21日12時許，駕車行經台1線通霄隧道南下外側車道處，因路面坑洞，至車輛受損，爰請求國家賠償。,交通意外,受傷或受有損害
364,交通部,交通部公路總局第二區養護工程處,國賠法第3條第1項,94.01.11,43259,協議成立,請求權人於93年8月15日15時許，騎車由埔里往草屯方向行經南投縣國姓鄉台14線37K+500前約6至7公尺處，因該處邊線路面凹凸不平且有碎石，致摔倒車損人傷，爰請求國家賠償。,交通意外,受傷或受有損害
365,交通部,交通部公路總局第二區養護工程處,國賠法第3條第1項,94.01.05,30747,協議成立,請求權人於93年8月21日21時許，駕車行經南投縣國姓鄉台21線24K+600處，因該處路面挖有坑洞，且未設警示燈光，致其跌落坑洞，車損人傷，爰請求國家賠償。,交通意外,受傷或受有損害
366,經濟部,經濟部水利署中區水資源局,國賠法第2條第2項,94.01.03,9476,台灣高等法院台中分院民事判決確定,賠償義務機關於80年間為鯉魚潭水庫淹沒區遷建道路工程時，因施工錯誤造成請求權人土地及農作物損害。（本件係續撥93年10月至94年1月之相當於土地租金之損害）,工程意外,受傷或受有損害
367,交通部,交通部公路總局第二區養護工程處,國賠法第3條第1項,94.01.03,64653,協議成立,請求權人於93年9月5日12時許，駕車行經西濱快速道路台61線97K處，因遇大雨路面積水，車輛打滑，撞擊外線護欄，致車毀人傷，爰請求國家賠償。,交通意外,受傷或受有損害
368,交通部,交通部公路總局第五區養護工程處,國賠法第3條第1項,94.01.03,2072033,最高法院民事判決確定,請求權人於86年6月17日16時許駕駛雙層遊覽車行經縣道168線永屯段時，因該處正在進行整修路工程，未設置警告標示，路面又突然下陷，致其車輛失控撞入魚塭，爰請求國家賠償。,交通意外,受傷或受有損害
369,交通部,交通部公路總局第三區養護工程處,國賠法第3條第1項,94.01.03,6675533,最高法院民事判決確定,高屏大橋事件。,天災,受傷或受有損害
370,教育部,國立高雄師範大學,國賠法第3條第1項,93.12.08,165128,最高法院民事判決確定,請求權人之家屬於89年3月25日9時許，至該校理學大樓頂樓查勘電線路時，因碰觸帶電分離式冷氣機室外機外殼，遭高壓電流通過體內致死。,工程意外,死亡
